Country Name,Country Code,Series Name,Series Code,2005 [YR2005],2006 [YR2006],2007 [YR2007],2008 [YR2008],2009 [YR2009],2010 [YR2010],2011 [YR2011],2012 [YR2012],2013 [YR2013],2014 [YR2014],2015 [YR2015],2016 [YR2016],2017 [YR2017],2018 [YR2018],2019 [YR2019],2020 [YR2020]
Afghanistan,AFG,"Inflation, GDP deflator (annual %)",NY.GDP.DEFL.KD.ZG,10.9127735539374,7.19975128908025,22.5277561997899,2.09628874882868,-2.16340442783005,3.81463031709113,16.5933467311629,7.30175647136598,4.82278547931647,0.566944540816536,2.44756300204637,-2.19752646590604,2.40365618844285,2.07134857890898,6.52147984507825,7.82166712677619
Albania,ALB,"Inflation, GDP deflator (annual %)",NY.GDP.DEFL.KD.ZG,3.30681814689954,2.47818888688769,4.3867093833438,4.11708542559394,2.41833605890835,4.49314320031891,2.31474379699794,1.04271460643407,0.288745964127756,1.54991706986272,0.563991350160876,-0.632653419095547,1.45106269924993,1.47305810274607,1.25658995186268,0.678486248525417
Algeria,DZA,"Inflation, GDP deflator (annual %)",NY.GDP.DEFL.KD.ZG,16.1253504178912,10.546704283178,6.39533725088349,15.3105810066653,-11.1616154479497,16.1199808975677,18.2280122524136,7.4583365235104,-0.0933043780076446,-0.300580434768506,-6.4556504121538,1.54888054873199,6.39065471249698,6.86293666645625,-0.468024909757474,-5.50848767372672
American Samoa,ASM,"Inflation, GDP deflator (annual %)",NY.GDP.DEFL.KD.ZG,-1.36558343263874,2.81367521367521,3.16061220726536,11.0593351972663,25.776397515528,-15.3648895532304,-0.52356020942409,17.3684210526316,2.24358974358974,-0.962160294226521,1.4697327650683,1.40582171236608,-1.94089005769675,1.69536107125778,1.90555095277547,5.28476589797344
Andorra,AND,"Inflation, GDP deflator (annual %)",NY.GDP.DEFL.KD.ZG,3.39610212995052,3.45718408670396,3.21122734131436,2.27433831984322,0.132136132405464,0.374313758110119,0.196764152031051,0.174556905779482,0.448492200194735,-0.0840193165570753,0.660588959137868,0.347795381575793,1.13650934319639,1.01247848005298,1.37475350829189,1.11378607410401
Angola,AGO,"Inflation, GDP deflator (annual %)",NY.GDP.DEFL.KD.ZG,42.3742492617284,17.1156651448542,4.30843221207182,19.3657735558326,-16.7621402901592,31.6881762457922,31.7740748860487,7.25783205139932,2.84424440365498,3.56341330066468,-3.51497153517806,21.774173527271,22.6179364991191,28.1670288537532,19.1842756572896,18.0367682973202
Antigua and Barbuda,ATG,"Inflation, GDP deflator (annual %)",NY.GDP.DEFL.KD.ZG,4.46164257276489,0.407675597393194,3.73413016629303,4.38066735456772,1.83693630723725,1.47335735006745,1.01541519384149,2.03571198150139,-0.946544450222504,1.91150380003631,3.01750370241558,1.87367154721152,-0.92986217839784,2.35281632522405,0.208076985397781,1.74498628223898
Argentina,ARG,"Inflation, GDP deflator (annual %)",NY.GDP.DEFL.KD.ZG,10.3175111982406,13.7410524859152,14.9399250245835,23.1711649813124,15.3776493708921,20.915124272047,23.7034721839593,22.3148806733049,23.9487984162746,40.2829716315506,26.5799916024707,41.1193799882279,26.0063792819079,42.0336689575031,50.9214987087306,39.8912174304965
Armenia,ARM,"Inflation, GDP deflator (annual %)",NY.GDP.DEFL.KD.ZG,3.20875666635281,4.61801250818827,4.2778755387818,5.98956236068734,2.49725307891563,7.76871548067652,4.28154999826118,5.34580441814725,3.36682464224465,2.30918242990974,1.21390990471085,0.268575076501392,2.15064189848613,2.78770951425761,1.06562263923419,2.02254113406862
Aruba,ABW,"Inflation, GDP deflator (annual %)",NY.GDP.DEFL.KD.ZG,5.06249126984655,3.48522647295395,5.15793661182397,4.26406334686595,1.70383781144128,-1.21664207022754,4.01181416993168,0.168847373421684,-1.9867549668874,2.33510856206473,2.53159203921001,-1.38971311410744,-1.75393532953404,2.26327072846355,5.56880541962809,-2.90275639903498
Australia,AUS,"Inflation, GDP deflator (annual %)",NY.GDP.DEFL.KD.ZG,3.80695099443184,5.12048467467758,4.9824303154294,4.6145835235411,4.9883384540998,1.16538343870303,6.20678072165643,1.78912996440673,-0.152591540025981,1.44182452992179,-0.61654239981722,-0.597558624754228,3.74509003702453,1.83015529797454,3.41878591584748,1.78365535795395
Austria,AUT,"Inflation, GDP deflator (annual %)",NY.GDP.DEFL.KD.ZG,2.53779415754438,1.89216106882701,2.22117586707647,1.95632228093217,1.88926417785875,0.873054962177932,1.83341024455663,2.05423568508493,1.62388806972808,2.17570723682326,2.30097866680524,1.84829469843848,1.0055341594591,1.80193050754474,1.62258940533843,2.31234459193537
Azerbaijan,AZE,"Inflation, GDP deflator (annual %)",NY.GDP.DEFL.KD.ZG,14.7234965182528,11.3012191438311,21.0293287543152,27.777459536561,-18.8449572890202,13.5458167908374,22.524361140543,2.88293295403217,0.445064509020867,-1.28499552026639,-8.84969256895297,14.6714002511137,16.1724003104411,12.1848769569655,-0.241307927446329,-7.39596582740913
"Bahamas, The",BHS,"Inflation, GDP deflator (annual %)",NY.GDP.DEFL.KD.ZG,5.05684575856435,0.827937102951083,2.94732245374163,1.48846435741036,-1.0359904468729,-0.392294308970037,-0.8588156229238,3.26728794531385,1.43332064920455,3.8871158765119,5.08878285336813,0.632944228443662,1.32856460507182,1.36628397829921,1.50126243865081,-3.48689981036041
Bahrain,BHR,"Inflation, GDP deflator (annual %)",NY.GDP.DEFL.KD.ZG,13.7349678263372,8.84243671557729,8.43563269466982,11.3650919229748,-12.9939412103815,7.44112596625766,9.7367534959574,3.01476585183988,0.384140010808977,-1.67088300426047,-9.2551569152308,0.247278734320417,5.51968542033678,4.36006188422726,0.0832617803389297,-5.50296462068044
Bangladesh,BGD,"Inflation, GDP deflator (annual %)",NY.GDP.DEFL.KD.ZG,4.58636070468256,5.87593581535342,6.47126010296265,7.86096609206248,6.76435468601714,7.14466302500227,7.85945085495341,8.16457367776793,7.17495342672339,5.66878852759383,5.87277704049608,27.8507377241518,5.04759758203714,5.80553876704575,3.65813755162172,3.84106274270388
Barbados,BRB,"Inflation, GDP deflator (annual %)",NY.GDP.DEFL.KD.ZG,6.66772455718502,4.05814796302677,8.56972062741661,1.72195268495426,-1.74203376896331,3.89655255007884,3.53267665160712,-0.591920673131384,2.94669384669865,0.495970738037116,-1.82392716408461,-0.238566003309529,2.61027802848737,3.38433897917784,4.69759731553729,2.78273831675628
Belarus,BLR,"Inflation, GDP deflator (annual %)",NY.GDP.DEFL.KD.ZG,18.9721606003942,10.7486156433181,12.8727022949597,21.2135361716467,9.25866183752913,11.2904747319794,71.0388216125352,75.2773691739957,21.2572956110887,18.1051561194206,16.0224937778596,8.34191705022138,8.6231474042701,12.1392299761097,8.62673264496581,12.134173325604
Belgium,BEL,"Inflation, GDP deflator (annual %)",NY.GDP.DEFL.KD.ZG,2.08307421275387,2.26470714433403,1.93172111672469,1.90884542543854,0.533179397971551,1.89207786027008,1.8072994675872,1.9611193413831,1.27125815498337,0.982645554501687,1.33038612835179,1.92085069495049,1.83027279601211,1.50804775044064,1.79482721053171,1.25480752509286
Belize,BLZ,"Inflation, GDP deflator (annual %)",NY.GDP.DEFL.KD.ZG,2.82661022692872,4.21989816741726,4.7202387452969,2.58832212081295,-2.65645308854752,1.71411913793571,4.01660651440369,1.92406409539269,2.43107841591828,1.44784896715609,0.543939602286997,3.79629200624197,0.530105856764365,0.256856701995844,1.07538666409587,-2.0863436836772
Benin,BEN,"Inflation, GDP deflator (annual %)",NY.GDP.DEFL.KD.ZG,4.29366413526147,2.09431707279076,0.390153238195737,6.43415220578032,2.53969206095486,0.880885670477909,3.73308304042652,7.69890807691425,1.39729839455183,-0.247782653882282,0.85150426118021,0.683591111274652,-0.367891613531654,0.67044210496752,-0.397554452052262,2.87803228859791
Bermuda,BMU,"Inflation, GDP deflator (annual %)",NY.GDP.DEFL.KD.ZG,6.7623747376536,19.5791618081038,6.57489483173077,5.10891410236363,1.04358316995928,2.23622200255707,-1.15125598094265,6.69820369155734,1.65727319420499,3.01189087721518,2.95202006984243,4.37320384221451,-0.094833735989738,1.6111169764896,2.41935194490377,-0.477807068306475
Bhutan,BTN,"Inflation, GDP deflator (annual %)",NY.GDP.DEFL.KD.ZG,5.90277545415026,5.41986093448811,2.95344121131068,5.5104702642932,4.75628604966502,5.85431123190199,8.5102991107692,9.17992969984938,5.86984321950898,6.92096093937565,3.5570681649308,4.38341129091111,5.10492111723269,1.75933069494005,0.899053929357322,6.85290749574897
Bolivia,BOL,"Inflation, GDP deflator (annual %)",NY.GDP.DEFL.KD.ZG,5.94079763021928,13.6636795403543,7.37335386111839,10.381181762675,-2.41989432827502,8.77750811554523,14.6023542400665,7.10027550115058,5.99538836854924,2.04949772560468,-4.62060225845632,-1.35487058059017,6.06139996218435,3.05626575345299,-0.693003271755344,-1.8543866829455
Bosnia and Herzegovina,BIH,"Inflation, GDP deflator (annual %)",NY.GDP.DEFL.KD.ZG,6.18901576798206,7.80012735973601,6.19756939107606,7.33535128597794,0.18546652937485,1.40629396620604,2.43252790824482,0.795773347301477,-0.224122003175367,1.00033721930362,1.36573070914964,1.40696187590876,1.69636181543528,2.74762998755216,2.63114017965431,0.176003497610509
Botswana,BWA,"Inflation, GDP deflator (annual %)",NY.GDP.DEFL.KD.ZG,15.4717065474704,7.47313099663036,4.92760710069359,4.72939351158558,6.4625257748079,8.92000188014418,13.9580772193628,0.193793963472473,2.30914448959052,7.7991735434813,3.81614623425874,11.6837236220656,-2.64741761140019,-0.331891491842597,0.716018581915833,4.35184678597437
Brazil,BRA,"Inflation, GDP deflator (annual %)",NY.GDP.DEFL.KD.ZG,7.43122475478488,6.77427411909737,6.43903808921145,8.77855272217604,7.31348274594541,8.42333833598188,8.3185922188201,7.94312694206415,7.50456453204858,7.84670974349484,7.56617501293937,8.10360435702502,3.67138451288938,4.49353433164119,4.22425886990692,5.14022239700186
British Virgin Islands,VGB,"Inflation, GDP deflator (annual %)",NY.GDP.DEFL.KD.ZG,..,..,..,..,..,..,..,..,..,..,..,..,..,..,..,..
Brunei Darussalam,BRN,"Inflation, GDP deflator (annual %)",NY.GDP.DEFL.KD.ZG,18.7663191432748,10.0477214755424,1.12044769381039,12.6927299583618,-22.091416476352,16.6882828463997,20.1805054151625,1.21870268728608,-2.82132116989543,-1.84645728365686,-17.6128031341262,-9.16786161646344,4.95369028901914,9.21765348827167,-3.335767975365,-10.8637595586513
Bulgaria,BGR,"Inflation, GDP deflator (annual %)",NY.GDP.DEFL.KD.ZG,6.59425062388337,6.75647677739832,11.0477772847817,8.10050423157742,3.93802758235266,0.764233396895648,6.112979908139,1.11213679402751,0.0719620126108111,1.34074019487281,2.94678565677383,3.32208191006247,4.81028842774043,4.23265442376268,5.23681906149365,4.20261923130272
Burkina Faso,BFA,"Inflation, GDP deflator (annual %)",NY.GDP.DEFL.KD.ZG,3.73938539728054,-0.662826822466556,2.49234918341701,9.15980043749074,2.40550487042772,3.77961872815705,6.73800480732596,5.82399948795916,-2.12917117768745,-0.620386925840478,-2.22395417919314,2.60429919226561,1.41629727998107,1.07396688968345,1.61709395420242,6.83501464966376
Burundi,BDI,"Inflation, GDP deflator (annual %)",NY.GDP.DEFL.KD.ZG,18.8415894769233,2.84566633376673,8.27337152019732,24.2157977378602,10.4587948547095,8.56155743484548,8.36425019828808,14.294071682425,7.9531039994456,5.30565602774391,21.3187470230149,0.97317644189674,11.4491826066034,-2.85085930198137,1.03776583629723,10.9944451355225
Cabo Verde,CPV,"Inflation, GDP deflator (annual %)",NY.GDP.DEFL.KD.ZG,-1.79488319809977,4.63977091958637,8.75141901577665,3.54593264765997,2.17462112276409,0.505086041911255,2.67641090615125,0.552996041071836,1.42841089006069,-0.146774193924387,1.73626616382883,-0.231686837121686,0.68514844716961,1.52382748029073,0.562980597096782,-0.862089799016246
Cambodia,KHM,"Inflation, GDP deflator (annual %)",NY.GDP.DEFL.KD.ZG,6.07667882538109,4.63110939852636,6.51803350612749,12.2537866069761,2.50438466221587,3.12059286963975,3.36406624988359,1.44051812730616,0.781387551821695,2.63219587864212,1.78611245889384,3.47525458569409,3.34104215913938,3.11182136783394,3.23537176925623,-0.67185654432032
Cameroon,CMR,"Inflation, GDP deflator (annual %)",NY.GDP.DEFL.KD.ZG,1.35714195929199,2.29967497920074,0.490708039770965,4.94053680629409,3.60351518874526,0.688187081487769,2.58904424116926,1.94228536923542,3.05345916909472,2.01421263413441,0.309791672262634,0.661808977677552,1.02514116066253,1.89699162124519,1.16977182233578,0.549999976470247
Canada,CAN,"Inflation, GDP deflator (annual %)",NY.GDP.DEFL.KD.ZG,1.36318730747425,1.06570330256392,-1.35727467576298,3.98373860184653,-2.31152537444508,2.84994645578823,3.23475902957836,1.21191754403497,1.73744799956536,1.94459869733706,-0.876717544815605,0.75403003025545,2.5649968397985,1.61741439035406,1.47519791997564,0.749680463567586
Cayman Islands,CYM,"Inflation, GDP deflator (annual %)",NY.GDP.DEFL.KD.ZG,..,..,3.0728466209937,3.04772724533456,0.610378542408881,-0.206404074749727,-0.460453499188901,1.26141088558245,1.37820598591605,0.886725093632236,0.341901493935652,1.00009178898281,1.98679741737303,2.6628025702239,3.46441264421907,0.0576591328446057
Central African Republic,CAF,"Inflation, GDP deflator (annual %)",NY.GDP.DEFL.KD.ZG,4.18843708159385,3.33404593869069,1.83823165042337,7.07707072361423,0.711628390754186,4.21130931097511,4.00911505710052,6.18103617692616,2.48748677760067,11.8938033016777,2.70826310785282,2.98011408445534,6.44370628779525,-1.22411715845705,2.32783705140642,1.98216055627785
Chad,TCD,"Inflation, GDP deflator (annual %)",NY.GDP.DEFL.KD.ZG,28.1119336760507,9.98442792041423,3.30193426256776,8.64881979028074,-9.55875447756326,6.3911950513067,8.58039895814788,1.09724571223187,-4.14136740417744,0.645785332472741,-8.48001725832678,-1.40083927949904,0.0282519135155042,5.01465777807508,2.85603411987745,-5.45489640763718
Channel Islands,CHI,"Inflation, GDP deflator (annual %)",NY.GDP.DEFL.KD.ZG,2.50470953470577,3.27893117770002,3.33633390378398,..,..,..,..,..,..,..,..,..,..,..,..,..
Chile,CHL,"Inflation, GDP deflator (annual %)",NY.GDP.DEFL.KD.ZG,7.12031535233233,12.3498959208792,5.08875706689086,0.311132498734963,3.57779504174319,8.85744148942345,3.26051486618304,0.763466680663043,2.26077060922354,5.85289162562634,4.95436553002575,4.56065603696771,4.82819188608828,1.59019973716229,2.57835901388472,8.81732237718464
China,CHN,"Inflation, GDP deflator (annual %)",NY.GDP.DEFL.KD.ZG,3.90374426923287,3.92654939664587,7.74968649314771,7.79534603682124,-0.209533360982732,6.88138025315708,8.07568446695551,2.33121757577324,2.16337002683569,1.03106368767851,-0.00294409357314862,1.4073460272495,4.23268197526643,3.4997476356901,1.28670040757089,0.491448370869804
Colombia,COL,"Inflation, GDP deflator (annual %)",NY.GDP.DEFL.KD.ZG,4.75319610733445,5.80766087330477,5.20203381220654,7.67738291518263,4.06422546745482,3.80486029146383,6.38680337285258,3.61665506268449,1.90767643221147,2.23563237643162,2.4493284205199,5.14833430514592,5.13373589963358,4.63057967327826,4.00262054293638,1.35648830406522
Comoros,COM,"Inflation, GDP deflator (annual %)",NY.GDP.DEFL.KD.ZG,0.315881658228534,3.11076370928964,3.5449226957637,3.14428979865365,0.986041098749581,1.6751524827425,3.04568880851824,4.27048255395101,1.75215705119929,0.835044848334007,-0.522859924600155,1.71498681561519,0.402494136980607,1.83566793061196,4.20910025592536,0.672423919007741
"Congo, Dem. Rep.",COD,"Inflation, GDP deflator (annual %)",NY.GDP.DEFL.KD.ZG,29.8695466222574,13.3252253838394,20.2714649760467,20.4653166223106,32.6579291460805,20.7863251497773,13.7916601072725,5.93999221220362,2.77129141782864,0.993630667020781,-1.1558785935993,4.34922894136585,43.068659773922,30.9986121476044,5.89540536794925,3.90154957347659
"Congo, Rep.",COG,"Inflation, GDP deflator (annual %)",NY.GDP.DEFL.KD.ZG,32.4987395105464,11.3803017625706,6.74011713181295,16.2692034276536,-21.1652331128962,29.4176837966296,10.953325511462,11.3640902368718,-1.10456218926858,-6.55990984654147,-17.5947115490495,-3.43764292120721,11.2535775731937,23.8110785319586,-1.52659285186945,-13.8554242466024
Costa Rica,CRI,"Inflation, GDP deflator (annual %)",NY.GDP.DEFL.KD.ZG,13.0133254443172,12.9843104876329,10.5167859473734,11.4237857845896,9.70133091777494,6.62884490879507,4.5932251410207,4.73363297222332,4.59021167481144,6.20692042008149,3.95521539698855,1.95876480203574,2.8588837280198,2.19247842793764,2.56679211746589,0.15610999704252
Cote d'Ivoire,CIV,"Inflation, GDP deflator (annual %)",NY.GDP.DEFL.KD.ZG,1.21513494268486,1.35953825451895,3.08854944853425,5.37293348420182,1.20777929653279,1.51621792401859,5.70932049851925,-0.404098359078986,2.87673042832375,4.40733235640245,4.77568237405124,-2.09036144848072,-1.83760163705279,0.634843912956256,0.200492126867886,0.974545188387282
Croatia,HRV,"Inflation, GDP deflator (annual %)",NY.GDP.DEFL.KD.ZG,3.12171567114569,3.88628956594231,4.26376656292855,5.50488536942342,2.96535751557596,0.929440948424528,1.69671911846856,1.42541245703811,0.773358483233395,0.149114121996675,0.0796555594807558,-0.0749221007632457,1.16365482583596,2.01036680125652,1.9193093838328,-0.129291631553457
Cuba,CUB,"Inflation, GDP deflator (annual %)",NY.GDP.DEFL.KD.ZG,0.380080729225,10.3655612005023,3.58977546191458,-0.344532566813086,0.634175020657153,1.20204852948169,4.32376713223725,2.91405780485152,2.65783023966264,3.46324746410833,3.43960423608975,4.32669085021485,4.11518630041306,1.03134192884301,3.54699869857453,16.5547556871819
Curacao,CUW,"Inflation, GDP deflator (annual %)",NY.GDP.DEFL.KD.ZG,4.0999998106455,3.13000138431477,2.99999769326172,6.90000123742416,1.79999916564061,2.78000059456794,-1.22227385916337,3.18400000000008,1.33229999999998,1.49869999999991,-0.47648848284804,-0.0472619241268575,1.5855,2.58479999999996,2.62590000000019,2.18000000000005
Cyprus,CYP,"Inflation, GDP deflator (annual %)",NY.GDP.DEFL.KD.ZG,2.01949511307544,3.0862300370277,4.13820846878632,4.73484012051601,0.263119072444255,1.88028235720469,1.61710657996737,1.6752701237629,-0.945904602145504,-1.33377854658193,-0.75404810119133,-0.572261903878569,1.03844284555774,1.00386652221141,1.12289749027592,-1.12119813252455
Czech Republic,CZE,"Inflation, GDP deflator (annual %)",NY.GDP.DEFL.KD.ZG,0.0949442696762048,0.654105320869675,3.5403818069683,2.00958123723267,2.58782068092624,-1.42531399212487,-0.02057195800937,1.45092107055808,1.36470473782452,2.57853631569476,0.992276160290274,1.14145060120347,1.30694431650136,2.56809454643346,3.889772041651,4.39539265654068
Denmark,DNK,"Inflation, GDP deflator (annual %)",NY.GDP.DEFL.KD.ZG,2.90642404916615,2.07617957165436,2.43228058523555,4.13469296938067,0.529022254242335,3.224072873962,0.638643467690599,2.37518362751084,0.888170882360484,1.03210857831324,0.433060802052097,0.25459516653126,1.18466161152733,0.747856838144173,0.742103116517058,2.61295868108087
Djibouti,DJI,"Inflation, GDP deflator (annual %)",NY.GDP.DEFL.KD.ZG,..,..,..,..,..,..,..,..,..,1.26230441351029,1.80710082094966,0.302782333572253,0.562231530282162,0.656016212542539,0.449797430981619,1.76228806828608
Dominica,DMA,"Inflation, GDP deflator (annual %)",NY.GDP.DEFL.KD.ZG,-1.4482278443829,2.36708049903913,1.52504863379201,1.50837811577367,8.00391387466848,0.296969744927253,1.6853218819098,-1.96154334602758,3.56648686732856,-0.340399426408894,6.86546507420458,3.69789870271713,-3.07331479794894,2.72491582561258,4.48328635371882,-1.13277068393862
Dominican Republic,DOM,"Inflation, GDP deflator (annual %)",NY.GDP.DEFL.KD.ZG,5.78125184255491,6.64124477285613,7.63662743651099,10.3916875139185,3.49814656597557,5.44341331542486,8.06075517514766,5.09818154500647,4.69281914231266,4.32128893767675,2.47188597709767,1.99367846452935,4.18137503365021,4.12148968696981,2.52561865647056,4.72350401957794
Ecuador,ECU,"Inflation, GDP deflator (annual %)",NY.GDP.DEFL.KD.ZG,7.73271101107305,8.00091082171883,6.65050227293493,13.8473188994265,0.655537559193846,7.46507996966288,5.66265674725217,4.98525306124122,3.09504901286289,3.03070306911397,-2.49102075763332,1.90164677546638,1.94639824444045,1.81887357109554,0.495450027557041,-0.399099295795224
"Egypt, Arab Rep.",EGY,"Inflation, GDP deflator (annual %)",NY.GDP.DEFL.KD.ZG,6.21272950937575,7.35997772737937,12.5957398232619,12.2039844657607,11.1855422663012,10.1068646283367,11.6629763504481,19.4828774713508,8.71267457488433,11.2476245037872,9.93088973035987,6.24566313377417,22.9325542345453,21.4262259194396,13.6225675699873,6.22121839794872
El Salvador,SLV,"Inflation, GDP deflator (annual %)",NY.GDP.DEFL.KD.ZG,4.2647391787666,4.32487889818145,4.38295378606503,3.53037613613985,-0.0557896469694441,2.64560258284467,5.90897722806478,2.54750952459774,0.582891427089493,1.01178891188312,1.30863378732111,0.651008913696401,0.987503802684174,1.69655843329437,0.960338638675594,0.203941698827876
Equatorial Guinea,GNQ,"Inflation, GDP deflator (annual %)",NY.GDP.DEFL.KD.ZG,59.3290506697722,12.9763712005288,3.0376538593557,19.8400389323386,-20.8302309584088,24.9065341802403,17.04510657101,4.85478204287919,-1.07267375706822,-1.27384264682834,-20.1927503678985,-6.2854221112699,12.7423765289625,9.51384291838637,-3.16368975011017,-8.83042672983709
Eritrea,ERI,"Inflation, GDP deflator (annual %)",NY.GDP.DEFL.KD.ZG,7.62368935878268,11.3940039534664,7.28820826067988,16.0762200958727,29.5045071421789,-16.2281996990874,19.5382281454081,..,..,..,..,..,..,..,..,..
Estonia,EST,"Inflation, GDP deflator (annual %)",NY.GDP.DEFL.KD.ZG,5.92374959466473,8.9785794608664,12.3583881840857,6.80252342949265,-0.388681742671551,1.82235230425346,5.47373678522737,4.07217562273709,4.03124999019823,2.91561332318757,1.03644083022607,2.18730990746438,3.59036501479098,4.02445415076322,3.18893153347703,-0.294903105606309
Eswatini,SWZ,"Inflation, GDP deflator (annual %)",NY.GDP.DEFL.KD.ZG,6.55682311577637,4.04116194744783,5.01429789090137,10.4255760885952,9.76992430013281,3.19717545893678,5.34094513529027,8.74837350194564,6.53299825079026,7.14673584693767,5.5450647329474,7.24177909838608,2.47812989286125,2.83123981565811,1.80843016924331,3.60419611482365
Ethiopia,ETH,"Inflation, GDP deflator (annual %)",NY.GDP.DEFL.KD.ZG,9.87551191119556,11.5523498044968,17.2205794805554,30.3116730814218,24.1464152909465,1.44457231740674,20.061875081957,33.5414050179965,4.90197929907841,10.9817882908686,10.8365427789744,10.3979255406466,6.67685508319342,12.3822948123876,12.8603968185939,18.2545902876571
Faroe Islands,FRO,"Inflation, GDP deflator (annual %)",NY.GDP.DEFL.KD.ZG,..,..,..,..,..,..,..,..,..,..,..,..,..,..,..,..
Fiji,FJI,"Inflation, GDP deflator (annual %)",NY.GDP.DEFL.KD.ZG,6.64518598144788,3.74675881881485,3.02445641038638,2.15811881653597,1.39069502079087,4.22978499907929,9.39134051859072,3.57651352093811,3.62129654202479,12.505405677962,2.53089804690228,2.63332664334581,1.69845757051993,1.42571800764148,2.37515159469834,-1.5296516485284
Finland,FIN,"Inflation, GDP deflator (annual %)",NY.GDP.DEFL.KD.ZG,0.928941215438584,0.920723414612866,2.7532807031041,3.03723677240961,1.77390522146771,0.322930666499261,2.6235333499222,2.97397234009919,2.55829450973857,1.63162333665335,1.61674649704926,0.0874254582934526,0.819262897258781,2.00220922746736,1.49541239615533,1.5609181498828
France,FRA,"Inflation, GDP deflator (annual %)",NY.GDP.DEFL.KD.ZG,1.93634141901367,2.15532739127715,2.5566370154462,2.36707384043677,0.0666274760495753,1.06969747621216,0.947960225382971,1.16182503173519,0.778100531144062,0.576944232991778,1.13824878533235,0.522559343400445,0.521577263305687,0.9922245663778,1.27859214632949,2.52464913907811
French Polynesia,PYF,"Inflation, GDP deflator (annual %)",NY.GDP.DEFL.KD.ZG,..,..,..,..,..,..,..,..,..,..,..,1.12947790218716,-0.301253737739358,-1.11100703850613,0.291328076397107,0.324623166541912
Gabon,GAB,"Inflation, GDP deflator (annual %)",NY.GDP.DEFL.KD.ZG,20.0944728946612,9.86813727770777,4.23136164247251,20.4789590409741,-18.0745351045978,16.5643202141089,12.68122777311,-2.9419027036061,-6.15792493444491,-0.851390333321461,-8.92717245327955,-4.26975397974572,3.82030214446843,7.17665749439934,1.54748519798422,-9.16058104893111
"Gambia, The",GMB,"Inflation, GDP deflator (annual %)",NY.GDP.DEFL.KD.ZG,4.11380528257159,1.30320399765218,4.41482490193262,2.47584586803727,4.51330535299645,5.64433086097335,4.57212350369147,3.84516021372072,5.93313138058191,5.21172310682789,9.72036242675256,7.82062274860979,3.92171862000133,6.95176403794258,6.25220639943007,4.03800711322569
Georgia,GEO,"Inflation, GDP deflator (annual %)",NY.GDP.DEFL.KD.ZG,7.93664362185575,8.44900022560829,9.46421801277188,9.59558326202014,-2.13601066041133,14.1892332081613,8.71422987722453,0.464401442288846,1.34623226533787,4.2319543281895,5.83311913635779,2.61931829571066,8.49104666870355,4.36110904352958,5.19239145340818,7.28127821019069
Germany,DEU,"Inflation, GDP deflator (annual %)",NY.GDP.DEFL.KD.ZG,0.405207331851614,0.397281154893903,1.77027320694081,0.909330422301522,1.84189163776318,0.645275771121817,1.06948374534943,1.49648883779834,1.95939168302444,1.87793985374911,1.85367882408802,1.32775222269545,1.50373898915133,1.97471716141666,2.05505655287355,1.59682265615311
Ghana,GHA,"Inflation, GDP deflator (annual %)",NY.GDP.DEFL.KD.ZG,14.963718404163,80.7545806394777,18.6278885388298,19.4102710868683,15.6665686221496,16.5956447322347,13.9148221759821,15.2052787396605,54.0129117583926,23.9399604777074,13.252964555207,15.7486196104808,10.6773105806362,10.5684799260556,8.48107298102975,9.36557370110138
Gibraltar,GIB,"Inflation, GDP deflator (annual %)",NY.GDP.DEFL.KD.ZG,..,..,..,..,..,..,..,..,..,..,..,..,..,..,..,..
Greece,GRC,"Inflation, GDP deflator (annual %)",NY.GDP.DEFL.KD.ZG,2.24031955714385,3.49504242576921,3.42266695770917,4.34458314105063,2.56977063953397,-0.176615533570711,0.959017980521224,-0.275142403452051,-2.04562420707737,-1.9387546208597,-0.293730433148639,-0.5785807515839,0.285406259345564,-0.165244042297104,0.248490586147483,-0.837548130612646
Greenland,GRL,"Inflation, GDP deflator (annual %)",NY.GDP.DEFL.KD.ZG,-3.22917708259992,2.23838314534038,-0.0475153423214891,-2.01334418011534,5.53863543152578,2.02760491933817,2.88404565929712,3.44533181192106,1.06737253143181,0.990273554004744,8.14438057205848,3.53778245812826,3.2664996424492,1.84672035174569,1.19601241975388,0.409144968972157
Grenada,GRD,"Inflation, GDP deflator (annual %)",NY.GDP.DEFL.KD.ZG,2.48974192114287,4.6325878594249,2.3194437271099,7.84772902644215,-0.00989979844902678,0.47970720101172,0.22455508772407,3.92652290919531,2.92287015408121,0.773312224873351,2.76032767179638,2.64414494384029,1.5261735013888,-0.70291535858442,3.32758875328085,-0.301250801627702
Guam,GUM,"Inflation, GDP deflator (annual %)",NY.GDP.DEFL.KD.ZG,5.0644082344359,4.40688073216,3.01294733451209,3.82348519599265,3.19692668414319,0.237584677615857,0.62907025079673,3.43097913322632,0.84049308927905,2.07782277044168,2.52246816503092,1.57407577083902,0.998991461381451,1.5127361880235,2.41616379536786,4.1736321785969
Guatemala,GTM,"Inflation, GDP deflator (annual %)",NY.GDP.DEFL.KD.ZG,5.66843562624204,4.98133297071131,7.11535054335639,9.4074918223814,3.60017527305328,5.13757298846622,6.89464340316468,3.37775084412593,3.35844634594847,2.86031160659735,2.23162145989066,2.70719129663175,1.7479141087134,1.18961296201772,3.68060643662776,2.64519077270225
Guinea,GIN,"Inflation, GDP deflator (annual %)",NY.GDP.DEFL.KD.ZG,27.3908453726371,100.607723690418,13.6188736897294,16.7051321176304,1.77102866413937,16.1026262455767,8.99928362870293,11.5159679199323,4.32935486873151,2.61590783947945,2.97227834871158,5.66895394137575,10.3565029728421,7.05908442039132,9.40290766328131,4.91646765703861
Guinea-Bissau,GNB,"Inflation, GDP deflator (annual %)",NY.GDP.DEFL.KD.ZG,5.80054673048753,-2.27270428807181,4.38103036917876,12.4752065488763,-2.4581579489352,2.96535301880681,14.0315742306476,-0.850532797538335,-0.932149491408239,-0.148257144183006,12.1019886582441,6.09639967284818,5.93859668011328,5.24999464155707,-3.41786303090853,0.102519750040116
Guyana,GUY,"Inflation, GDP deflator (annual %)",NY.GDP.DEFL.KD.ZG,7.63242891934588,174.857704742568,8.21101038547327,9.71564419054039,0.895045201893225,4.33316744383507,2.27017438401222,4.62099011163089,-0.536796094169361,-2.10495457051069,3.00419021399499,0.897726319236796,2.10912351831318,-2.88758156366096,2.9613962463567,-26.296049874977
Haiti,HTI,"Inflation, GDP deflator (annual %)",NY.GDP.DEFL.KD.ZG,13.4210079168146,9.3320120116186,9.15410719066109,9.74189301032553,11.0451759553824,7.39382346704139,4.32073061328364,8.20779379091175,8.07714884191483,3.33882569892472,3.95043065674435,15.1599971849512,14.0053730253704,7.27876051620999,17.5506127561516,20.5805875994283
Honduras,HND,"Inflation, GDP deflator (annual %)",NY.GDP.DEFL.KD.ZG,7.27916415839877,5.34866346521486,6.62550716828601,7.79051363926141,7.65373242322937,4.67604329499009,7.8072052366428,3.57978742613756,1.37403051856492,6.84935672480186,6.9327703694637,3.67806814426042,4.5128429763521,1.94721691531043,4.12669713335944,4.63418667466125
"Hong Kong SAR, China",HKG,"Inflation, GDP deflator (annual %)",NY.GDP.DEFL.KD.ZG,-0.150049580074821,-0.534833047357964,3.13748766352066,1.28151809244707,-0.375392388164997,0.27066071291901,3.89789764867079,3.54482684630668,1.81248126012794,2.85031353192619,3.64355726759975,1.63822940006675,2.88059872061059,3.65954891240021,2.04459360470672,0.57473122443163
Hungary,HUN,"Inflation, GDP deflator (annual %)",NY.GDP.DEFL.KD.ZG,2.62927754457071,3.66352266662888,5.44232773954359,4.8052931064468,4.20002707582458,2.5336959140319,1.93382070512209,2.89320060133669,2.81884151690318,3.69746112729104,2.77655417502014,1.32087895128745,4.02933650653594,4.84648198792496,4.76553661583969,6.31402497296911
Iceland,ISL,"Inflation, GDP deflator (annual %)",NY.GDP.DEFL.KD.ZG,3.06586110573276,8.61668451093136,4.33314563453666,12.1352814872696,10.8047085143171,6.36885446534224,3.09666958205543,3.44088030034162,2.12454183861853,4.14165194460018,6.0545203480569,2.260860866933,0.936992856331969,2.65295062424478,4.58943089504362,3.21435192181335
India,IND,"Inflation, GDP deflator (annual %)",NY.GDP.DEFL.KD.ZG,5.62190326268404,8.40093821713963,6.94441825372725,9.19396962626338,7.04036543496747,10.5260308561853,8.73358014404614,7.93438624839366,6.18650400083453,3.33175691706154,2.27958810849833,3.23797495080767,3.96925793352338,3.88424027196663,2.39074879218106,5.60091923594493
Indonesia,IDN,"Inflation, GDP deflator (annual %)",NY.GDP.DEFL.KD.ZG,14.3317870842712,14.0874244167926,11.2585785308971,18.1497512494676,8.27475243172853,15.2642936576449,7.46594303367513,3.75387875323653,4.96599029131677,5.44317454935612,3.98024266013961,2.43892408688207,4.29267812199525,3.81832356943335,1.59848849984144,-0.436578122542599
"Iran, Islamic Rep.",IRN,"Inflation, GDP deflator (annual %)",NY.GDP.DEFL.KD.ZG,20.1661915986703,14.5825930336834,22.9390613526634,19.4219808659431,4.59851691743872,15.8826259725109,33.4095331560987,18.9538841448282,36.775631886208,9.75876873256327,0.197001678736839,9.39978461338336,13.0353311671579,31.4829866067989,29.7905485004974,40.5647933392326
Iraq,IRQ,"Inflation, GDP deflator (annual %)",NY.GDP.DEFL.KD.ZG,35.8578508536369,23.0447439728744,14.4423764486694,30.17540867057,-19.521200513663,16.5867407502258,24.6894374235643,2.66976938276827,-0.011597877780062,-2.84317132634014,-30.1996539393789,-11.1041709203303,14.6503597888451,18.2039920993937,-2.67444003580694,-10.2563984902677
Ireland,IRL,"Inflation, GDP deflator (annual %)",NY.GDP.DEFL.KD.ZG,3.07669147883831,3.42714018754755,1.20295658425505,-0.501891550639911,-4.61988671106278,-2.97507359286445,1.4968685760915,2.28405268624827,0.942224700128122,-0.0568116432184524,7.70018812082918,0.705182877568689,0.925858588695689,0.711919254960009,4.22478890022992,-1.21212040124948
Isle of Man,IMN,"Inflation, GDP deflator (annual %)",NY.GDP.DEFL.KD.ZG,2.89669891422825,3.56126163688073,11.6230960809632,37.7329037032917,6.96588300576593,5.20678784279833,4.85475952954853,-3.6835648323982,1.53580275813276,-0.522248662495443,-0.627110745947576,2.23677859363892,2.16112258207663,1.29998000934768,1.80002115966444,..
Israel,ISR,"Inflation, GDP deflator (annual %)",NY.GDP.DEFL.KD.ZG,1.15359731635884,1.42591017852065,0.9966209408297,2.11285547282291,3.97825766359614,1.52119350289178,1.35258083776095,3.25594063178522,1.73646438878889,0.59302075248641,2.50059731460811,0.56046763330626,-0.00183774850883367,0.887278236691841,1.88495106654629,0.972869137730243
Italy,ITA,"Inflation, GDP deflator (annual %)",NY.GDP.DEFL.KD.ZG,2.01055790083582,2.12485391464755,2.47899476586151,2.40070344440197,1.67883895982297,0.436360537541674,1.60717698349345,1.54730144037734,1.14761015891955,0.913241261981469,0.931863574759717,1.13435002037254,0.726343220957816,1.06813204686947,0.920178589236428,1.37567785585142
Jamaica,JAM,"Inflation, GDP deflator (annual %)",NY.GDP.DEFL.KD.ZG,11.4687438682087,8.84819293265961,11.3208103797352,13.54680952549,11.6565049802064,9.81023516820396,5.79618847204975,6.57190361388207,8.41581565660749,6.93001524081384,6.65533865269208,4.66417119108644,6.54976684602491,4.99324114976486,3.18250309465809,3.55578952544597
Japan,JPN,"Inflation, GDP deflator (annual %)",NY.GDP.DEFL.KD.ZG,-1.19401768056427,-0.862018389228027,-0.705243547499791,-0.911530288285164,-0.569564924624345,-1.88074194993916,-1.62208025009267,-0.75609311955516,-0.354375054330276,1.68629478626674,2.111298993275,0.419944376057259,-0.0743495037290813,-0.00171179663183807,0.636888707052748,0.906558991455981
Jordan,JOR,"Inflation, GDP deflator (annual %)",NY.GDP.DEFL.KD.ZG,2.00660028346704,10.6519999066127,5.05020233148838,23.6098425616172,3.16159648072517,8.07745609713074,5.91051095801734,4.60681522593885,6.1436238894444,3.44532356315609,2.16975211695323,1.36200664175068,1.6790764565912,1.71112806086828,1.67062575504566,-0.262084211912423
Kazakhstan,KAZ,"Inflation, GDP deflator (annual %)",NY.GDP.DEFL.KD.ZG,17.8748272505452,21.5517089095579,15.5270972952622,20.9365382117877,4.69108507403161,19.5422853972235,20.5429582663806,4.78556980595843,9.49908144096337,5.77123952989534,1.82354987705597,13.6384336167435,11.2111056561167,9.20560599056164,7.63328623819848,4.21085829687233
Kenya,KEN,"Inflation, GDP deflator (annual %)",NY.GDP.DEFL.KD.ZG,4.89964972058961,23.5301332510109,8.12948559613378,15.1511749642626,27.6968163767013,1.63919964802533,10.0650129672316,9.52297221154848,7.3375622336044,7.63503190149002,9.23865468396285,5.84962894648808,7.58193402820181,4.21502841459056,4.2752342393575,4.9345035009684
Kiribati,KIR,"Inflation, GDP deflator (annual %)",NY.GDP.DEFL.KD.ZG,0.512072321950299,-0.255517252181633,6.14911863748652,8.31686849751505,0.16982225323008,0.846426235679147,1.66205146052489,-0.546796994006144,0.205022293435974,4.36809214562557,4.5611720290219,6.44571076055047,2.50856769274144,1.59809046753294,-2.01279211764702,3.26959060349898
"Korea, Dem. People's Rep.",PRK,"Inflation, GDP deflator (annual %)",NY.GDP.DEFL.KD.ZG,..,..,..,..,..,..,..,..,..,..,..,..,..,..,..,..
"Korea, Rep.",KOR,"Inflation, GDP deflator (annual %)",NY.GDP.DEFL.KD.ZG,1.041401491649,-0.223195612442552,2.41919594427836,2.8263023010858,3.60864412572843,2.73749683726491,1.2818638059201,1.2518081696316,1.01854380505277,0.906896750615815,3.18559596664953,1.98603850545349,2.22278138152841,0.482948983102617,-0.839325308149668,1.3129090997795
Kosovo,XKX,"Inflation, GDP deflator (annual %)",NY.GDP.DEFL.KD.ZG,..,..,..,..,-2.83315745860888,6.39242867476632,6.30369008294429,3.52540365876908,0.353023231799625,1.60143936813422,0.607803461239982,0.779271867669536,0.439985824227108,1.49892049019849,0.962931177957444,1.38110698371696
Kuwait,KWT,"Inflation, GDP deflator (annual %)",NY.GDP.DEFL.KD.ZG,21.7710117887694,16.1763628454097,4.30736220673592,18.6629427337913,-17.1665374455073,11.1033505813839,17.258342938766,7.4591870131177,0.22286798668712,-6.75791272749098,-25.9584189407846,-6.83796631002545,16.2310999336247,11.2779687788751,-0.364836712939137,-13.9109338674727
Kyrgyz Republic,KGZ,"Inflation, GDP deflator (annual %)",NY.GDP.DEFL.KD.ZG,7.1286222786662,9.3916177911449,14.8765522320224,22.2159883986503,4.03530386157429,10.0339035467633,22.4818422313787,8.6563168100807,3.17518813463819,8.41522544149154,3.42728749981322,6.05056427537542,6.32714586098358,3.44744512662716,3.9493878905563,6.12089546875451
Lao PDR,LAO,"Inflation, GDP deflator (annual %)",NY.GDP.DEFL.KD.ZG,8.64032247874864,10.8051012263569,7.43828600553336,8.86345063816476,-2.93207353275139,9.1965711123669,10.4687175987471,7.52885930522015,6.4739720842641,5.72655918157639,2.34849600622449,3.02230644256338,1.85209676121123,1.91988919391754,1.19742392109292,5.03450412475696
Latvia,LVA,"Inflation, GDP deflator (annual %)",NY.GDP.DEFL.KD.ZG,11.2041709315368,12.4402129468625,20.0614910699415,11.6549529516198,-9.66616773558192,-0.344610811351771,6.53308883962809,3.63877279947324,1.71564951319858,1.91766477138444,0.115936805023594,0.864382927846805,2.94726642123868,3.89360835733359,2.57514230954837,-0.119652959185828
Lebanon,LBN,"Inflation, GDP deflator (annual %)",NY.GDP.DEFL.KD.ZG,-1.06220705550946,0.880737585117686,3.13292372267971,7.53328390648453,10.2845410020341,0.578606723264201,2.96508062086514,7.48605187598636,2.57845109240891,0.105278622359251,3.33578445066227,0.871295200305951,2.74853585907306,5.52248679775589,4.09482370321739,61.05950899675
Lesotho,LSO,"Inflation, GDP deflator (annual %)",NY.GDP.DEFL.KD.ZG,5.92284294105743,9.31098887299477,-6.68836172696973,16.7233171547459,2.348138885593,5.34302982013139,9.43027047205072,2.18086239533248,10.2798987426999,14.0351481487267,10.2024527829635,-0.294676753764548,2.0178781766935,9.62280375193349,3.94957042837265,13.1470213686822
Liberia,LBR,"Inflation, GDP deflator (annual %)",NY.GDP.DEFL.KD.ZG,0.490010500603105,9.13488162981633,12.0176471387966,17.3263455514491,-2.72284314110513,6.51200368905668,10.9234453589782,7.79715716365929,4.71530813283255,0.817921326764434,0.062713425558087,6.97295697153928,-2.61793415299387,-0.209872797387817,-0.560426634044902,-5.60789378591817
Libya,LBY,"Inflation, GDP deflator (annual %)",NY.GDP.DEFL.KD.ZG,28.5685039972063,19.6795130437458,2.43938616827511,23.7093714962272,-24.8472677473776,19.278545342939,24.3427533511905,5.98193050372183,0.0853923422682783,-1.00660401665242,-7.04070727195378,4.69231431810404,1.80666382178316,3.59757389264269,4.17467924190804,-5.06601245976491
Liechtenstein,LIE,"Inflation, GDP deflator (annual %)",NY.GDP.DEFL.KD.ZG,1.19056787026008,1.31488166385525,6.58173780950284,-2.11669284164925,-9.90066262743474,..,..,..,..,..,..,..,..,..,..,..
Lithuania,LTU,"Inflation, GDP deflator (annual %)",NY.GDP.DEFL.KD.ZG,6.88510859135766,6.73558515155621,8.55458561870641,9.70910857173813,-3.29603877370516,2.53348366045552,5.34995229795774,2.73425349368634,1.28133222727746,0.833592064248663,0.0636827914669311,1.57625277213522,4.24343178964807,3.52621213589298,2.65423419417816,1.45928157400878
Luxembourg,LUX,"Inflation, GDP deflator (annual %)",NY.GDP.DEFL.KD.ZG,4.8173272087173,6.45467522017813,1.89248054012752,6.60996540521124,0.870687903518032,4.64841846238745,3.44946167967612,3.26597731840673,2.27602449452651,2.79670220085781,2.21918065733098,-1.1076169264046,2.14290399690169,1.73170185781184,0.5770877457648,4.27136059427453
"Macao SAR, China",MAC,"Inflation, GDP deflator (annual %)",NY.GDP.DEFL.KD.ZG,5.56804229886205,7.74484393597641,8.76201808425701,10.0732032983895,0.922362517731699,4.79054437665071,7.49069377719135,6.92084670327873,7.73268255503811,8.73053046264982,4.51406333280315,0.861602465812481,2.15008384793055,3.54347079233199,2.4036317762496,-0.235732797118487
Madagascar,MDG,"Inflation, GDP deflator (annual %)",NY.GDP.DEFL.KD.ZG,18.363824646346,10.7656371556202,10.2879663184849,7.48630027577948,6.92915908431497,10.2185410308595,10.3861871356489,5.46617486758647,5.45230244790305,6.73177081103677,6.50371669218821,8.96008072722643,4.96153975749112,7.1460175157176,8.33907151593385,5.0565100581462
Malawi,MWI,"Inflation, GDP deflator (annual %)",NY.GDP.DEFL.KD.ZG,10.7412360180763,19.967259327976,4.09972142950639,11.9646671434728,7.89982253244756,12.1271794656195,14.0757613712955,17.6561012389177,27.3003965106751,20.8837033783225,20.5346585390298,19.5441321378444,60.9869707173893,6.12909400114843,7.72834797950487,10.2031490872773
Malaysia,MYS,"Inflation, GDP deflator (annual %)",NY.GDP.DEFL.KD.ZG,8.8625864706771,3.98093167351242,4.88132335727943,10.3889003992836,-5.99220155562196,7.26684593389439,5.41240809007968,0.999932303470885,0.17447448132144,2.46746678366378,1.21805573355338,1.65825996642414,3.77896094306453,0.624674674586643,0.0744277867441951,-0.777853275650813
Maldives,MDV,"Inflation, GDP deflator (annual %)",NY.GDP.DEFL.KD.ZG,9.15817119906998,7.36583465885958,10.1180683796945,11.0500436916751,11.2868331788667,2.88162154863596,12.6349868504909,6.77695258213396,6.43035569811721,4.64084381970453,7.92990810478689,0.225232737020391,1.38579964026204,3.14973998119896,-1.08206191020751,0.360187795165757
Mali,MLI,"Inflation, GDP deflator (annual %)",NY.GDP.DEFL.KD.ZG,7.50171013084201,4.64687336088652,4.55504607669634,7.27636764178463,4.6359321620512,4.36499973505229,12.1828901287918,4.60540762762535,0.652631802447871,1.26864344003421,2.88350937506129,1.35112231370481,1.93427321118722,1.4579639111606,1.93054207197829,0.532340177530827
Malta,MLT,"Inflation, GDP deflator (annual %)",NY.GDP.DEFL.KD.ZG,1.93747810042946,2.16012495694677,2.28400147284971,3.23008819043218,2.02085477686364,3.16569421843214,1.12390204687358,2.14609549393094,2.27617159097511,2.34272937508777,4.22011879189614,1.99701751671788,2.09819658638885,2.21738527734838,2.37429838330954,1.47627329984634
Marshall Islands,MHL,"Inflation, GDP deflator (annual %)",NY.GDP.DEFL.KD.ZG,0.739463790354989,3.99428095362539,1.54658417130182,9.13886078346906,-4.44476855089698,0.406806688855951,8.00601793971718,7.25163373786037,-1.51625105932237,-0.513970988268241,-0.685176685545642,8.20637894455353,2.47188730788177,0.345646220658296,1.33275199298421,4.39267405327925
Mauritania,MRT,"Inflation, GDP deflator (annual %)",NY.GDP.DEFL.KD.ZG,14.5852591731795,14.0910628576721,8.89558566221676,10.716317113644,-0.358928161732948,22.3431687302328,17.5477655754745,0.455837170404166,4.4879682733707,-11.8763231031193,-4.79390857827042,11.2101297508573,1.58393832604489,3.10295554337101,4.34292697488847,3.52188343541179
Mauritius,MUS,"Inflation, GDP deflator (annual %)",NY.GDP.DEFL.KD.ZG,3.94809965724166,11.0431197983593,8.30831529705232,5.68669279403562,-0.65420083282801,1.12641890473388,3.16146379054825,2.46552357929079,2.7508811176323,1.48063549449591,0.960795672969496,2.14757012075557,1.29687220616064,1.44727208019407,0.504436482963541,1.39039369170557
Mexico,MEX,"Inflation, GDP deflator (annual %)",NY.GDP.DEFL.KD.ZG,5.87392141103811,6.38922240841194,5.78906129053314,6.17251207077045,3.94766289502098,4.54515133760761,5.84287319478247,4.06592696849427,1.52973082061064,4.43971916284347,2.83508621841817,5.60527751287923,6.71270642990439,4.94641112250018,4.14230100907156,4.01347314059784
"Micronesia, Fed. Sts.",FSM,"Inflation, GDP deflator (annual %)",NY.GDP.DEFL.KD.ZG,2.0969946720524,1.38470893905473,3.17445993547543,5.00497828605305,5.36161961358638,3.60298457333592,1.59563243436212,7.12250101573797,0.636944648983501,3.02389423731965,-5.25035878326008,4.04783780036301,7.47108297734923,9.38634001227707,1.43248276043757,0.57216934359252
Moldova,MDA,"Inflation, GDP deflator (annual %)",NY.GDP.DEFL.KD.ZG,9.34414408681718,13.4181412258745,15.9087149462615,9.24424882653561,2.16939173262072,33.3049321505931,8.19079850900867,7.42422199526357,3.92385130328546,6.3521842675855,9.56436587519033,5.67408469796158,6.2502786879633,3.18002323226992,5.40013499004984,5.43003694020658
Monaco,MCO,"Inflation, GDP deflator (annual %)",NY.GDP.DEFL.KD.ZG,0.196400671214221,2.16016323427762,2.55724302875562,2.4518018779534,0.0568472695903495,1.05563143083106,0.969111397602234,1.16156694861856,0.780385103852723,0.575364667747166,1.13797243776995,0.159432006406647,0.886513363230364,0.991522346261647,1.27927310091869,2.52377220674727
Mongolia,MNG,"Inflation, GDP deflator (annual %)",NY.GDP.DEFL.KD.ZG,20.0984387729962,21.9867715760112,11.6285676520512,21.4487537542602,1.82670368859839,39.1781879622217,15.1192654913522,12.7843788551954,2.90784833828044,7.44883659811595,0.609769216362665,2.99312676407123,10.8004464058994,7.96061586692352,9.97221325737392,3.70672176605325
Montenegro,MNE,"Inflation, GDP deflator (annual %)",NY.GDP.DEFL.KD.ZG,4.33458318340642,10.1069605308365,16.0415368886677,7.62912580438491,2.40791238505463,1.60420269843273,1.20270354887286,0.177016999632059,2.0669709044933,1.03622831974151,2.21957293262733,5.101095416601,3.82494607129446,3.22610640466073,2.02214250501216,-0.175604637679498
Morocco,MAR,"Inflation, GDP deflator (annual %)",NY.GDP.DEFL.KD.ZG,1.190540613431,1.54803075759975,3.59505480142776,4.53049709499408,0.146912227305961,0.975621692194963,-0.690980555689549,0.369335229674476,1.30729203571408,0.377809577308867,2.12904824405096,1.48315700501477,0.634941335001955,1.08963397133654,1.35707697645933,0.857573708719528
Mozambique,MOZ,"Inflation, GDP deflator (annual %)",NY.GDP.DEFL.KD.ZG,7.1913686617374,7.87411732727648,7.54008444624958,5.28211181712183,1.06801231156155,7.99861757521387,3.19688493390416,3.46607341880983,2.97638030509511,1.21068531516744,7.58585554156494,13.6756096543201,7.64070735094347,3.00116964035087,5.05570841289557,2.49998196717382
Myanmar,MMR,"Inflation, GDP deflator (annual %)",NY.GDP.DEFL.KD.ZG,12.0136572499838,20.3674885466579,22.5939277775195,17.7643303665182,8.76184775732649,6.02587341957646,8.67779913289522,6.43546634106525,3.79699157742235,4.26520661630386,8.37489724067422,-2.65135241382431,5.37290102051014,5.44565943599471,6.26521865850498,3.84425453561971
Namibia,NAM,"Inflation, GDP deflator (annual %)",NY.GDP.DEFL.KD.ZG,5.59808158452238,9.40658581294605,9.28643429422758,10.961412407556,6.9454042890454,3.72589849891101,3.81487636243496,11.2603084734349,4.03979089350075,8.23489179866652,3.86457435077661,7.96867201225912,9.91903823647766,4.42848463730921,1.02132240619035,4.14557343955337
Nauru,NRU,"Inflation, GDP deflator (annual %)",NY.GDP.DEFL.KD.ZG,-3.74999999999999,-15.1020408163265,-3.60873694207027,18.4952978056426,30.952380952381,-19,12.7946127946128,25.9823332318002,-21.8085106382979,-6.17283950617285,-12.0300751879699,27.1883289124668,12.2930389887841,4.00317082837891,3.75000000000001,1.84145673603504
Nepal,NPL,"Inflation, GDP deflator (annual %)",NY.GDP.DEFL.KD.ZG,6.11939041219142,7.36003927198551,7.60328894606918,5.61985452027758,15.9083302140565,15.1469324443493,26.3973066675506,7.74115002878433,7.0826509991409,8.03536619869827,4.40904543169583,7.1503347880832,8.26141255068219,4.35585846515745,4.69115593453498,3.21740233033769
Netherlands,NLD,"Inflation, GDP deflator (annual %)",NY.GDP.DEFL.KD.ZG,1.98873995492572,2.56110638417375,2.07220572994835,2.30632549844012,0.220701610642962,0.940413731811219,0.193652086824386,1.44610956661077,1.27998705426134,0.253185732004795,0.772727976651382,0.454667288773308,1.26070715808579,2.43709074520527,3.03273379248688,2.29170127559732
New Caledonia,NCL,"Inflation, GDP deflator (annual %)",NY.GDP.DEFL.KD.ZG,..,..,..,..,..,..,..,..,..,..,..,..,..,..,..,..
New Zealand,NZL,"Inflation, GDP deflator (annual %)",NY.GDP.DEFL.KD.ZG,2.03237740925218,2.60851230417228,5.33847204908595,2.60453050346587,2.72641870455506,3.07905954558339,2.45489131973025,-0.146485204817978,4.22731728689531,0.411689840074686,1.4234511888573,2.38194585600553,3.49713309873955,1.91443012924488,3.48956695850848,2.06253160346779
Nicaragua,NIC,"Inflation, GDP deflator (annual %)",NY.GDP.DEFL.KD.ZG,9.86709412207318,7.8670043817886,9.67326019059823,16.1991511147104,6.03648491800215,6.13894598308985,10.2136913203139,6.24439260331464,4.34876386558788,8.39226061271205,7.58865431773674,4.58952156819971,4.12418280692921,2.65874592096384,5.50479697553644,5.4924865205469
Niger,NER,"Inflation, GDP deflator (annual %)",NY.GDP.DEFL.KD.ZG,8.58488444144687,1.49619758117663,7.03666107458216,10.1291157206231,4.19005999795191,3.47504301438173,3.97160518256159,5.30833937178907,-0.369174082139452,-0.40567684540504,2.249426436212,1.79272146557585,0.372075773438809,2.17578786783204,0.406851113874922,0.899635392268806
Nigeria,NGA,"Inflation, GDP deflator (annual %)",NY.GDP.DEFL.KD.ZG,19.8584947687219,23.864381126887,7.09973099510101,7.92138720146629,0.686098873558521,16.3427663263401,9.77845809675884,9.94763670647075,4.96474571562726,4.66262291697188,2.86366512244869,9.54367007033214,11.1189180740769,10.2284850900326,10.3847791937551,7.8491420459553
North Macedonia,MKD,"Inflation, GDP deflator (annual %)",NY.GDP.DEFL.KD.ZG,4.89589936820212,3.25262417820976,4.59255256903033,5.49119403600274,0.295077614209276,2.04128302301487,3.72217234010574,1.00299826672435,4.48329315377931,1.44696785759902,2.00342084578241,3.46525285653088,2.80702703539038,3.92615528936682,0.86816868476069,0.857544356758197
Northern Mariana Islands,MNP,"Inflation, GDP deflator (annual %)",NY.GDP.DEFL.KD.ZG,0.445425816925777,0.192919415645605,1.53403805496828,12.5675790206172,2.71484406675209,-0.880503144654085,-1.48648648648648,1.50891632373114,0.783289817232372,3.450335683769,5.79545454545456,4.60693153000844,2.97029702970298,3.47969782813975,2.16751470393785,..
Norway,NOR,"Inflation, GDP deflator (annual %)",NY.GDP.DEFL.KD.ZG,8.75245695757427,8.76330834205979,2.95674799301742,10.4059204327337,-5.21392021071466,5.96821152270515,6.71670605253362,3.3429205789641,2.55519558349381,0.290603973053521,-2.85486501270054,-1.47425382556115,3.95110454864106,6.65160826591449,-0.472598023910763,-3.60460515845841
Oman,OMN,"Inflation, GDP deflator (annual %)",NY.GDP.DEFL.KD.ZG,22.4646229555795,13.6301336230696,8.26411313377069,33.7510969910416,-25.1281366687739,32.0530102539077,15.884491777402,3.60643426874947,-2.22041185302194,1.75729954907395,-19.1464725188166,-9.13627527605452,7.29794329780007,11.7322946084517,-2.66567395010162,-13.2219841053856
Pakistan,PAK,"Inflation, GDP deflator (annual %)",NY.GDP.DEFL.KD.ZG,7.83976364023509,8.87281485741225,7.27431932635734,13.2040098195571,20.6665158147258,10.8502394557567,19.6446511273056,5.96857438092798,6.96594307851097,7.41155324090033,4.11024865863811,13.0019295157572,4.02974599325579,3.84178663274797,9.03633484170507,9.962567467654
Palau,PLW,"Inflation, GDP deflator (annual %)",NY.GDP.DEFL.KD.ZG,10.9042338599522,1.42453354884064,1.33844674370287,5.80919295890672,1.24543529670346,-1.05626852198341,-0.735850156652489,6.09035374927277,7.75522486739983,2.82332746027672,7.91423501429287,6.45060194509381,-1.11071386894091,-0.103196146039693,-1.82648401826484,4.12121212121212
Panama,PAN,"Inflation, GDP deflator (annual %)",NY.GDP.DEFL.KD.ZG,1.74832129569222,1.96998482198367,4.82493992296618,7.52749530111186,6.47095991225268,2.59015390175779,5.84409898477476,6.17573386912875,5.50480275639778,4.19761984880085,2.47882615372905,2.00204596036875,1.72902405194861,0.673383260485849,0.17992675383023,-1.79594434672464
Papua New Guinea,PNG,"Inflation, GDP deflator (annual %)",NY.GDP.DEFL.KD.ZG,12.1823792582037,60.5142859522286,2.79525188570074,11.6654413222722,-4.87930996849984,9.9171611234198,8.83316822422471,-0.574719487183756,3.58693538896726,5.43739265412782,-1.23111841681596,2.51784593601241,7.69953503846061,9.79760566069545,1.06414283741798,5.48432673250896
Paraguay,PRY,"Inflation, GDP deflator (annual %)",NY.GDP.DEFL.KD.ZG,12.9528241180261,8.8558326538908,12.6355056430918,12.2247550551932,3.64796491881232,4.65570138250342,5.09571053875749,4.79827587865157,4.33767609515789,2.85700648471038,1.60388801037963,4.13475444403026,2.15920929174615,1.96024819846549,3.06187945460113,2.20392146773007
Peru,PER,"Inflation, GDP deflator (annual %)",NY.GDP.DEFL.KD.ZG,3.50372240049859,7.65624807889682,1.49067595453904,1.10327629202855,2.06369833440615,5.71072859407522,6.7457871247569,1.20258494022738,1.05723435149577,2.43244108501779,2.69052090074331,3.08088269037734,3.61565826105974,2.27741531762133,1.87221626775495,3.89267414534145
Philippines,PHL,"Inflation, GDP deflator (annual %)",NY.GDP.DEFL.KD.ZG,5.91089344785409,5.11158666295037,3.16428975494875,7.17921618315836,2.73825856642382,4.37088436444888,3.91880577530506,1.99417609680252,2.0610633590687,3.05305530085906,-0.719682789735927,1.28031174373962,2.32025994608939,3.74065383022071,0.697076297419486,1.65049018704033
Poland,POL,"Inflation, GDP deflator (annual %)",NY.GDP.DEFL.KD.ZG,2.55918053032048,1.72842349873292,3.71707846620453,3.89435109737038,3.7855576881331,1.6509067194427,3.27057481980719,2.36149484385804,0.304917411016433,0.521868728179896,0.974028250792998,0.311622233538486,1.85970045111763,1.20161033484582,3.19397798377996,4.10389081407033
Portugal,PRT,"Inflation, GDP deflator (annual %)",NY.GDP.DEFL.KD.ZG,3.33290322756528,3.18454265930981,2.96634549274198,1.73772428812507,1.09813586372714,0.642290869101615,-0.265123394841666,-0.388196360131744,2.24865489225866,0.704596369328669,2.01996442826523,1.71666254687131,1.51191039440322,1.8129967517081,1.74945274768817,1.9418733035135
Puerto Rico,PRI,"Inflation, GDP deflator (annual %)",NY.GDP.DEFL.KD.ZG,6.59012253340062,5.49286384229968,3.78248397653118,6.56185783978664,4.98255558535365,2.49409859131009,2.36982634915879,1.17922814906271,1.18201519575041,1.20055485938147,1.97770278824407,2.22086666016862,2.09220193806701,1.78493107751822,2.43210750800674,2.29998946799495
Qatar,QAT,"Inflation, GDP deflator (annual %)",NY.GDP.DEFL.KD.ZG,30.5426998130357,8.3616135354893,10.9698605953142,22.8995646881724,-24.2181008766069,6.9793298939115,18.2701713275094,6.32996225521931,0.767488580527157,-1.4827510792864,-25.1298074908368,-8.97669906344025,7.78756964329585,12.4144035411605,-4.82686572968849,-14.7695115062494
Romania,ROU,"Inflation, GDP deflator (annual %)",NY.GDP.DEFL.KD.ZG,12.0069901176313,10.6065793571017,15.8162274724437,16.0155798889218,4.08677823184487,3.5931315933914,3.76940125129099,3.77070284203964,3.39548096629632,1.796958453768,3.25534815965634,2.44704326362606,4.6791724973564,6.18622546060563,6.79553804220852,3.88922453579117
Russian Federation,RUS,"Inflation, GDP deflator (annual %)",NY.GDP.DEFL.KD.ZG,19.2794321341233,15.1204066299816,13.8412392394521,18.0135183347409,1.97061260332814,14.1911095682623,24.4600860623194,8.90786842114997,5.32013887201612,7.49007111733965,7.24973590741396,2.84422269754501,5.34981508815954,9.99797671159203,3.26313279118393,0.607605205891176
Rwanda,RWA,"Inflation, GDP deflator (annual %)",NY.GDP.DEFL.KD.ZG,9.02719047032443,2.46151486436443,12.9297418958067,14.4602697465852,7.14745096308107,3.18525495768679,7.19294148262482,4.72061819987803,2.69220888440309,4.73234985231701,0.486213142222653,5.03033658512501,8.15681943645244,-0.614218498708937,2.48013575513673,6.72742008684979
Samoa,WSM,"Inflation, GDP deflator (annual %)",NY.GDP.DEFL.KD.ZG,3.99513065967871,5.27410515842266,7.48869748500447,9.11982318601599,1.67772404400257,-4.30577274623009,0.414350522853127,3.64423711865874,0.96244652797391,-0.151639346953218,4.23553727737367,1.13317799360901,-0.0822307384640339,1.15577767786652,1.38577785223899,0.218010810490583
San Marino,SMR,"Inflation, GDP deflator (annual %)",NY.GDP.DEFL.KD.ZG,1.6678752719362,2.01207243460763,-1.9723865877712,2.83196979232221,0.999377268139739,1.43035574550051,0.152699197986834,3.12004460358166,2.00061717503941,0.388644528758022,-0.742698422974769,1.31669760966393,1.74336343905894,2.06429914095962,0.914095270963216,0.344575599676716
Sao Tome and Principe,STP,"Inflation, GDP deflator (annual %)",NY.GDP.DEFL.KD.ZG,18.5597412275581,13.065839940577,10.0142981977044,26.497424200406,7.57021242824413,12.4783242894282,7.778965257016,13.6090015133155,10.720573338667,8.19943059424773,5.00613866931359,5.11333295070166,2.96599727316809,1.71579834735319,6.97823699315447,5.47394861951301
Saudi Arabia,SAU,"Inflation, GDP deflator (annual %)",NY.GDP.DEFL.KD.ZG,20.1496127776753,11.5723614588388,8.43539949599956,17.6897965410095,-15.7132304268204,17.1913231582554,15.5293538003825,4.01553718395479,-1.21635993797847,-2.27000178681914,-16.9085341825722,-3.0464065444845,7.56581176937891,15.6793670588052,-1.9147944211863,-8.69683951550769
Senegal,SEN,"Inflation, GDP deflator (annual %)",NY.GDP.DEFL.KD.ZG,4.72087875420317,2.88549200196928,6.58871245134355,8.21654273074127,-1.68903868254876,1.60441579019933,3.85747038355476,3.27411157616761,1.18613046995503,-1.51585973451603,1.06978461964601,0.942726698217157,0.611795633762256,-0.838794966089253,2.06231067776952,1.48708352783996
Serbia,SRB,"Inflation, GDP deflator (annual %)",NY.GDP.DEFL.KD.ZG,14.667996083637,12.3557424153695,8.7018784972483,9.08520485427238,7.88769289465361,5.7289416308888,8.909097738016,6.19933895593788,5.12544327576433,2.58538293679744,1.8728924804025,1.54988883247718,2.97079316981832,1.97494256215236,2.44060040801315,2.4499817481219
Seychelles,SYC,"Inflation, GDP deflator (annual %)",NY.GDP.DEFL.KD.ZG,0.458645157032336,1.44234462211708,11.7998385794995,34.9651278877523,27.4941792625742,-4.21272376649586,4.49623580514604,8.65859087963497,4.03663905544056,5.68568992548579,0.898600986909017,-0.0663982195227533,3.51918336226593,2.71684313517666,0.72232999584358,-3.02035415774048
Sierra Leone,SLE,"Inflation, GDP deflator (annual %)",NY.GDP.DEFL.KD.ZG,16.6299604694147,12.3289421928204,6.7963321034312,9.99371438101096,7.78176191801401,17.1771173381886,17.3741793665584,12.0410780303766,6.92515293132804,1.79731249136992,18.8647633620846,1.77562247078991,14.0433322642145,14.0219924766367,7.70226901403279,10.9154815855911
Singapore,SGP,"Inflation, GDP deflator (annual %)",NY.GDP.DEFL.KD.ZG,1.9005186505386,1.8441830136442,5.91682447669695,-1.38155543169427,2.95392464373782,1.10780871344616,1.17079820355097,0.495345771200874,-0.431059391871671,-0.267270041634802,3.07195500966418,0.442642042351423,2.80187474495,3.50682904031187,-0.359222234570197,-2.97216809409106
Sint Maarten (Dutch part),SXM,"Inflation, GDP deflator (annual %)",NY.GDP.DEFL.KD.ZG,..,..,..,..,..,1.12875772756314,0.295016278487353,3.87309435517101,2.41867908660851,19.8427790023252,0.227175640193806,0.345351104623262,0.103063147887369,6.51423127509393,..,..
Slovak Republic,SVK,"Inflation, GDP deflator (annual %)",NY.GDP.DEFL.KD.ZG,2.54310388785439,2.89907441935304,1.11554353963166,2.85807406127549,-1.16122139672534,0.532681317390967,1.6764771791955,1.26011621211065,0.509341301181209,-0.192250577474141,-0.21640322146645,-0.512184923024279,1.21569388773202,2.03435662188242,2.49348770892786,2.36861896205629
Slovenia,SVN,"Inflation, GDP deflator (annual %)",NY.GDP.DEFL.KD.ZG,1.52057515263171,2.22109087893656,4.17748452362763,4.46561784391565,3.39968089051037,-1.02931788544865,1.04001500712062,0.479044260876066,1.60035593502236,0.456031615681681,1.00504348534045,0.874115426326341,1.4640640238877,2.11678834233354,2.19960392242207,1.22581576386962
Solomon Islands,SLB,"Inflation, GDP deflator (annual %)",NY.GDP.DEFL.KD.ZG,14.3467593569779,8.8445305012276,10.8674447801244,7.88581685860311,6.69301063662651,6.04894118425511,9.52274798656568,7.19845072162531,1.66906976638082,3.90681305085987,3.55606970922797,0.0382247049432181,1.39054347262406,2.93828120666615,1.26246741892911,3.40710815357117
Somalia,SOM,"Inflation, GDP deflator (annual %)",NY.GDP.DEFL.KD.ZG,..,..,..,..,..,..,..,..,..,7.13128440504005,1.64643472301078,-0.848854535772588,-0.974226265169847,0.458057855172058,7.166604839944,7.90288028018327
South Africa,ZAF,"Inflation, GDP deflator (annual %)",NY.GDP.DEFL.KD.ZG,5.59700978064043,6.06463701450308,8.24576476611674,7.85033172851331,8.6630418315964,6.12843243160444,5.53905643151262,4.68520638813985,5.84411140067347,5.36654618468381,5.54552812339873,6.9521719608848,5.47332197481477,3.95647369730938,4.49944873978896,5.27322966449688
South Sudan,SSD,"Inflation, GDP deflator (annual %)",NY.GDP.DEFL.KD.ZG,..,..,..,..,-11.8293295391053,12.9264024311492,38.8333429721931,46.5069047554802,36.5121584994857,-26.7002845822567,17.6893321393151,..,..,..,..,..
Spain,ESP,"Inflation, GDP deflator (annual %)",NY.GDP.DEFL.KD.ZG,4.10104389006925,3.97958531407545,3.41644715828198,2.25424800208627,0.143905293766267,0.153388675098938,-0.0197507478863059,-0.114557740159839,0.398439552805712,-0.223368485312221,0.545556009835707,0.322898793520409,1.2995548323383,1.24525511523967,1.3046571659175,1.10393071382899
Sri Lanka,LKA,"Inflation, GDP deflator (annual %)",NY.GDP.DEFL.KD.ZG,10.4187267507289,11.277029448259,14.0284428246797,16.3270160244553,5.87988263605756,22.7992606321892,3.83139408196725,10.8284322331401,6.23691336073351,2.91210382604127,0.64904228464269,4.8431358204671,7.26564485804619,3.82665115309284,2.5536664374732,3.95983042439229
St. Kitts and Nevis,KNA,"Inflation, GDP deflator (annual %)",NY.GDP.DEFL.KD.ZG,-1.62376578076149,14.1683305695624,6.32437713169216,1.481620896156,3.04258997710257,0.530159397844571,5.65954799379669,-0.665919223275424,0.229375238901824,1.30266281715117,-0.259353258876942,1.31741926003639,4.14104086772701,-0.95960501792004,3.0576110718209,-1.61629814321181
St. Lucia,LCA,"Inflation, GDP deflator (annual %)",NY.GDP.DEFL.KD.ZG,6.89693651611844,5.17561350784197,3.59090008384686,2.53277352430888,0.318436532246153,4.40818124805133,0.55508547468493,1.98940638401375,7.11773617032974,3.60283801947638,4.43767493812103,-0.453293331808638,3.41469948855881,0.482768211779018,2.66424188464917,-4.1694687243366
St. Martin (French part),MAF,"Inflation, GDP deflator (annual %)",NY.GDP.DEFL.KD.ZG,..,..,..,..,..,..,..,..,..,..,..,..,..,..,..,..
St. Vincent and the Grenadines,VCT,"Inflation, GDP deflator (annual %)",NY.GDP.DEFL.KD.ZG,2.90358613128564,3.70227397338468,7.32640914523968,2.25812488673643,-1.14390947568256,5.58059961527559,-0.31890371321542,1.09274103000811,2.24217996186653,-0.341588981982653,-0.734272745205431,-0.597039859998944,2.38245791672138,1.24050180380489,2.50576625960623,1.19957461180805
Sudan,SDN,"Inflation, GDP deflator (annual %)",NY.GDP.DEFL.KD.ZG,18.054402868472,7.65225430526529,15.3066214793858,8.89101661311409,1.86213189302369,22.6694192116219,26.3283499650477,30.1285931395558,36.4286291176933,34.0669855189111,14.0225574392301,20.6855877306245,34.6223707315316,55.9753254437569,51.9788933465452,115.277768539421
Suriname,SUR,"Inflation, GDP deflator (annual %)",NY.GDP.DEFL.KD.ZG,15.5398119400855,39.0361246319048,6.4252012519074,15.5211432201182,6.48362424782576,7.19655419062693,13.8444468459506,10.7352006048331,0.383766168173977,1.58368715816022,4.85459060945995,24.0722949441576,28.1422762699972,5.66282721704177,4.42266431352576,44.866609991893
Sweden,SWE,"Inflation, GDP deflator (annual %)",NY.GDP.DEFL.KD.ZG,0.686383050698964,1.75741369074541,2.82589323136247,3.23523527997193,2.35890510051033,0.947565418694609,1.08835940037071,1.00142202301616,0.927395691401983,1.74453129158347,2.12118024509547,1.52560991398094,2.13515182451252,2.39692033450507,2.54687548145611,1.76118888540988
Switzerland,CHE,"Inflation, GDP deflator (annual %)",NY.GDP.DEFL.KD.ZG,0.934409473801566,2.15741402974128,2.37953005240088,1.46679984104748,0.417726606063013,0.334528999230514,-0.0328629032378132,-0.00376506218286465,-0.0233084796454932,-0.590356048920171,-1.20419110656468,-0.59671988789303,-0.374816491323585,0.74840821169775,-0.105744561043338,-0.502868265559684
Syrian Arab Republic,SYR,"Inflation, GDP deflator (annual %)",NY.GDP.DEFL.KD.ZG,11.9504489708053,9.09650632380644,10.7690643740435,15.9501259770903,-2.78022303939403,6.8992650940543,11.5740778155847,26.2462552485551,31.7701939095293,37.0945840345087,35.3390021157021,36.9632213889016,36.9638384254965,13.6050089339849,..,..
Tajikistan,TJK,"Inflation, GDP deflator (annual %)",NY.GDP.DEFL.KD.ZG,9.51432466210065,21.0624388683286,27.2380030941036,28.1634875601911,12.1262014941935,12.4616677349709,13.3243555693147,11.8685155888293,3.63300945054496,4.76666135833671,6.86625094979701,0.542085550954056,9.80557618947482,2.49291342767124,3.65805440727458,1.65591279483279
Tanzania,TZA,"Inflation, GDP deflator (annual %)",NY.GDP.DEFL.KD.ZG,6.38961320846964,5.51009528326347,9.09938953088066,16.3807546287505,9.04166245473719,9.42871624976745,12.1984228786887,10.4838939985187,9.66618357795825,6.05084588935551,7.59136402332241,7.47203366759727,2.70373365033971,2.97553661803862,2.46494912955468,0.34371289868993
Thailand,THA,"Inflation, GDP deflator (annual %)",NY.GDP.DEFL.KD.ZG,5.09155618304895,5.1042132730291,2.47333774189036,5.13378035159961,0.194772130958171,4.08098922673743,3.7430981204437,1.90914444199674,1.77874589235417,1.44146536528029,0.722113573412514,2.63616761998928,1.8999449899777,1.42858616420727,0.997091606993621,-1.31865815538062
Timor-Leste,TLS,"Inflation, GDP deflator (annual %)",NY.GDP.DEFL.KD.ZG,1.83958692287214,2.38354601967501,8.47739985657181,7.25575764674799,1.76466630919134,10.9641151773457,11.5654340056656,6.16521067597986,16.6828925653659,-0.766472750143038,7.20397921677383,0.135399267980603,0.980253916958148,-1.28547679832511,8.16735395407937,-15.8464380479499
Togo,TGO,"Inflation, GDP deflator (annual %)",NY.GDP.DEFL.KD.ZG,5.87615776173698,-0.50876323001512,4.96871052396941,11.7761761932801,1.5846588091414,0.634747306325849,1.07692782257047,1.70956539933667,1.71785984629378,-0.0842091590615723,3.47962582417827,36.9921619264198,-0.434609618144108,1.33588275993479,1.5450926555589,1.28215819614739
Tonga,TON,"Inflation, GDP deflator (annual %)",NY.GDP.DEFL.KD.ZG,7.45446876652093,15.8632193273606,1.55902338768522,4.54430217175121,4.97438964306124,7.74060878353519,0.476902167488831,4.1940692306183,-2.37147532523151,0.0117765189695973,5.28336858334735,3.05495723166224,5.61383948078358,5.14966280704272,7.6625778394986,-3.6174207281445
Trinidad and Tobago,TTO,"Inflation, GDP deflator (annual %)",NY.GDP.DEFL.KD.ZG,13.3214257161692,1.72921265884327,12.7518502876051,23.792521003189,-27.6317920499278,12.7333361257462,15.7297032514581,0.34485230907859,3.72715050104129,1.61723865233733,-10.9058202158532,-0.863372693891918,8.2241661009179,3.36090885418309,0.203401958185083,-3.3564721818736
Tunisia,TUN,"Inflation, GDP deflator (annual %)",NY.GDP.DEFL.KD.ZG,4.17583607671025,3.83382638659022,2.12647656280636,6.34032425229705,3.02304497058495,9.46502457553548,4.57111403504256,4.66181078103054,4.50027023824006,4.66466046127567,4.21395603144832,4.93451646764478,4.71431803467152,7.92466484034544,7.07446826281193,6.87897603862748
Turkiye,TUR,"Inflation, GDP deflator (annual %)",NY.GDP.DEFL.KD.ZG,7.08541612916396,9.37620636352707,6.1997582025374,12.046153593928,5.44644910319889,7.00928360259741,8.20084709330651,7.42267328660553,6.2801096970818,7.38951863770303,7.84491693010263,8.13047807814451,10.9824216683285,16.4758183392893,13.8593463213595,14.8264110095424
Turkmenistan,TKM,"Inflation, GDP deflator (annual %)",NY.GDP.DEFL.KD.ZG,7.02679084259007,12.249959293056,9.26934465401983,59.7403855468372,9.76101613509299,2.30608815331743,12.8574543671204,8.27008408241873,1.15244583252145,0.669180966750076,-5.15329778752206,-4.86560287903114,-1.54244268478659,1.21087594013873,4.37945563084239,..
Turks and Caicos Islands,TCA,"Inflation, GDP deflator (annual %)",NY.GDP.DEFL.KD.ZG,..,..,..,..,..,..,..,0.756189471811467,2.62467548724537,2.57677899551956,0.623168365108711,2.18440361611209,1.55186936600353,3.09786361151201,2.12932491093834,5.46019003976748
Tuvalu,TUV,"Inflation, GDP deflator (annual %)",NY.GDP.DEFL.KD.ZG,1.49488591660112,4.12698412698414,-0.833333333333329,4.77941176470587,1.05263157894737,-0.568181818181813,1.64133738601822,2.17391304347827,0.877192982456165,7.5,3.20315928038613,8.16326530612245,3.50877192982458,6.60432495616597,7.10227272727273,1.0332950631458
Uganda,UGA,"Inflation, GDP deflator (annual %)",NY.GDP.DEFL.KD.ZG,-1.74118529360359,2.40562021746102,7.3212473182473,6.36427654706581,85.3532752353516,5.63761163786522,9.39165549288849,3.83745560607251,3.58690582630628,5.106307324209,5.18785986262262,4.78100029135575,4.64905082083695,4.44338526794832,3.00001181877067,2.72148444270766
Ukraine,UKR,"Inflation, GDP deflator (annual %)",NY.GDP.DEFL.KD.ZG,24.0960586139239,14.85249547084,22.8423440433556,29.0201144092657,12.6299289738027,13.6732282073329,14.1819086626365,7.98256111045039,4.30879343709354,15.901737523474,38.8816797599977,17.0971349238438,22.0983174978017,15.3985303514156,8.24622626642469,10.2949442779935
United Arab Emirates,ARE,"Inflation, GDP deflator (annual %)",NY.GDP.DEFL.KD.ZG,16.5263069319227,11.9621492822572,12.5339606710296,18.5333530817247,-15.1829798840046,12.4901759424146,13.1672193765804,2.23845647847756,-0.866917896800274,-1.02486536783279,-15.4419352788584,-3.19321900308806,5.49510627918129,8.20653728779584,-4.44403710623381,-8.36335727123216
United Kingdom,GBR,"Inflation, GDP deflator (annual %)",NY.GDP.DEFL.KD.ZG,3.13589713358328,2.84835797682179,2.79651575648585,3.2285597654007,1.7162190592525,1.37620731822221,2.06733293431685,1.611883545944,2.23880054182746,1.59036810676083,0.511374817313225,1.90110663436174,1.81876640825315,1.99903489165381,2.01510318725352,5.09097553378375
United States,USA,"Inflation, GDP deflator (annual %)",NY.GDP.DEFL.KD.ZG,3.13582406672013,3.08558293163451,2.70252656886151,1.91793297784062,0.640954732672782,1.20179162538872,2.0777138203681,1.87059552937039,1.75094977881791,1.86989137220993,1.00054163291141,1.00223548021816,1.89784380661034,2.38901089301939,1.78871550735442,1.20523468572655
Uruguay,URY,"Inflation, GDP deflator (annual %)",NY.GDP.DEFL.KD.ZG,0.677868366702469,6.53333462983181,9.41747348215227,8.02353640478846,7.74754209002755,4.90702526370031,9.00967553684642,8.55755169987955,8.15372981650589,9.37224637981977,9.01628062357351,16.6136838976687,4.98664192165262,7.10189068047498,8.5229669262272,11.0373715200016
Uzbekistan,UZB,"Inflation, GDP deflator (annual %)",NY.GDP.DEFL.KD.ZG,21.4308665633207,23.4658082872012,21.897099929027,26.7915849835461,17.2615651332179,48.5816899502993,21.6265099361492,15.3987947017455,11.9878914787951,14.024917632322,10.5006995149485,8.93036849322681,19.0618147164483,26.9828614546089,17.9100041804881,11.6460269772983
Vanuatu,VUT,"Inflation, GDP deflator (annual %)",NY.GDP.DEFL.KD.ZG,0.41954189687101,3.8727171595439,5.7769601471735,7.16254136561389,2.5547715554854,1.46989042772488,2.78883213289851,-0.464018178669363,3.00183635913356,1.40225308541552,5.85848674081646,1.57706028508517,5.36577288947217,3.20664527462094,3.27936283046665,1.80073071027329
"Venezuela, RB",VEN,"Inflation, GDP deflator (annual %)",NY.GDP.DEFL.KD.ZG,29.6040593512976,17.9043155490636,15.4484777579669,30.1324528534352,7.83166636002666,45.9432686985893,28.1491909528854,14.0594300642861,35.5026746348335,40.4404901065548,..,..,..,..,..,..
Vietnam,VNM,"Inflation, GDP deflator (annual %)",NY.GDP.DEFL.KD.ZG,18.8105195726868,8.56894797475205,9.63022561429997,22.6733161756444,6.21562314855765,42.3010338970256,21.4198491896804,9.0827933260224,4.04205366925119,3.69862910748679,-1.71894442742398,1.81999182005765,4.36304899326466,3.41243701257254,1.86489767340238,1.61491653757267
Virgin Islands (U.S.),VIR,"Inflation, GDP deflator (annual %)",NY.GDP.DEFL.KD.ZG,12.6907616563095,-2.16445000873266,2.57652689535308,-12.3556809610952,5.97567704391486,2.31766890279064,6.3929376734505,13.6632725550557,-2.45302713987473,-2.90516617398133,3.18757755421872,2.05180352239177,0.634642014315531,1.44152843397592,2.13487327204818,4.35366961898791
West Bank and Gaza,PSE,"Inflation, GDP deflator (annual %)",NY.GDP.DEFL.KD.ZG,0.0562197269976821,5.39312306887525,4.77023412941875,17.0083554064538,1.85273346648474,13.1963162481764,5.41982473738784,2.86773402643237,5.7383714378646,3.67222811544951,-3.70701301671946,1.27802248372888,3.22541499220273,-0.301992725159963,3.84946930147241,2.22090183339058
"Yemen, Rep.",YEM,"Inflation, GDP deflator (annual %)",NY.GDP.DEFL.KD.ZG,18.4868803265131,13.6320939664931,10.8950301607205,20.377746235765,-8.70527002029664,23.6162920182449,18.113564294788,5.89327454363993,9.20906607821111,7.16319310917825,46.4762512255778,0.134410844260984,18.5535661652076,14.8536647661831,7.37109529960971,21.3605751286792
Zambia,ZMB,"Inflation, GDP deflator (annual %)",NY.GDP.DEFL.KD.ZG,16.6501990728872,14.5422526759543,12.9702107335817,10.6402448170694,5.55968566025587,13.9509131934519,11.1123072714575,6.99201628115405,9.73121000882541,5.43578198423347,6.65929211357343,13.5524846947001,10.0957298683458,7.41157094843257,7.63347048076743,13.7435021622394
Zimbabwe,ZWE,"Inflation, GDP deflator (annual %)",NY.GDP.DEFL.KD.ZG,5.13660107677569,-2.01767870271847,0.894886847886085,1.34922247421831,95.4086597515884,4.09840493659293,2.55317575013412,4.02857687403039,9.37060288787357,-0.252140994359053,0.607813919052404,2.16099269561299,2.43760763920471,59.8033555490674,440.829791014713,558.560023666123
Africa Eastern and Southern,AFE,"Inflation, GDP deflator (annual %)",NY.GDP.DEFL.KD.ZG,7.40752901026004,8.59255310013562,8.25956814315703,11.4630397755144,7.57021242824413,6.12843243160444,9.43027047205072,6.99201628115405,5.84411140067347,5.56073595485963,5.36646229778501,6.40090045368644,5.21743086615295,4.08575105594997,4.38734148957323,4.9955067795573
Africa Western and Central,AFW,"Inflation, GDP deflator (annual %)",NY.GDP.DEFL.KD.ZG,6.6889339462895,4.64332214023644,4.76187830033287,9.57675740925085,1.3962190528371,5.00466529801282,8.7898412934254,4.73009483525227,1.57313536817723,0.280788086705584,1.99284630002042,1.78417196818288,1.75910576861605,2.63937170560153,1.58228957609332,1.12835169226734
Arab World,ARB,"Inflation, GDP deflator (annual %)",NY.GDP.DEFL.KD.ZG,15.3553047955353,9.8216053034922,8.34975631488513,16.479240691772,-5.74274652984533,11.7967632618993,14.3482865884814,4.63431300348469,1.52972454345669,0.606427212821437,-2.11493647065981,1.07465884201741,5.50739584975904,7.39380075340085,2.76004752825904,0.672423919007741
Caribbean small states,CSS,"Inflation, GDP deflator (annual %)",NY.GDP.DEFL.KD.ZG,5.05684575856435,4.21989816741726,6.32437713169216,2.58832212081295,0.318436532246153,3.89655255007884,2.27017438401222,1.98940638401375,2.43107841591828,1.44784896715609,3.00419021399499,1.31741926003639,2.38245791672138,1.36628397829921,2.9613962463567,-1.13277068393862
Central Europe and the Baltics,CEB,"Inflation, GDP deflator (annual %)",NY.GDP.DEFL.KD.ZG,3.12171567114569,3.88628956594231,5.44232773954359,5.50488536942342,2.96535751557596,0.929440948424528,3.27057481980719,2.36149484385804,1.36470473782452,1.34074019487281,0.992276160290274,1.14145060120347,2.94726642123868,3.52621213589298,3.18893153347703,2.36861896205629
Early-demographic dividend,EAR,"Inflation, GDP deflator (annual %)",NY.GDP.DEFL.KD.ZG,7.08541612916396,8.40093821713963,7.11535054335639,11.0500436916751,4.75628604966502,6.13894598308985,8.20084709330651,5.89327454363993,4.03979089350075,4.23141323255236,2.83508621841817,3.05495723166224,4.18137503365021,3.74065383022071,3.06187945460113,3.40710815357117
East Asia & Pacific,EAS,"Inflation, GDP deflator (annual %)",NY.GDP.DEFL.KD.ZG,3.99513065967871,3.99428095362539,3.17445993547543,7.79534603682124,1.82670368859839,3.12059286963975,3.89789764867079,3.43097913322632,1.66906976638082,2.46746678366378,2.52246816503092,1.7391258932409,2.8412367327803,3.02505128725004,1.5154856301395,1.3038083172829
East Asia & Pacific (excluding high income),EAP,"Inflation, GDP deflator (annual %)",NY.GDP.DEFL.KD.ZG,6.07667882538109,4.63110939852636,5.7769601471735,8.31686849751505,1.76466630919134,4.37088436444888,5.41240809007968,3.75387875323653,2.16337002683569,3.02389423731965,2.34849600622449,2.51784593601241,3.34104215913938,3.11182136783394,1.43248276043757,1.61491653757267
East Asia & Pacific (IDA & IBRD countries),TEA,"Inflation, GDP deflator (annual %)",NY.GDP.DEFL.KD.ZG,6.07667882538109,4.63110939852636,5.7769601471735,8.31686849751505,1.76466630919134,4.37088436444888,7.46594303367513,3.75387875323653,2.0610633590687,3.02389423731965,2.34849600622449,2.63332664334581,3.50877192982458,3.20664527462094,1.43248276043757,1.61491653757267
Euro area,EMU,"Inflation, GDP deflator (annual %)",NY.GDP.DEFL.KD.ZG,2.24031955714385,2.89907441935304,2.5566370154462,2.85807406127549,0.533179397971551,0.645275771121817,1.60717698349345,1.6752701237629,1.28133222727746,0.833592064248663,1.03644083022607,0.864382927846805,1.2995548323383,1.8129967517081,1.79482721053171,1.45928157400878
Europe & Central Asia,ECS,"Inflation, GDP deflator (annual %)",NY.GDP.DEFL.KD.ZG,3.20875666635281,3.56126163688073,4.26376656292855,5.14824357122477,1.84189163776318,1.88618010873738,2.75378950460966,2.32277376505316,1.56807934657756,1.39385402623591,1.27214801653132,1.32431558699145,1.84498662356487,2.09054374164658,2.12733023764781,1.70855084012133
Europe & Central Asia (excluding high income),ECA,"Inflation, GDP deflator (annual %)",NY.GDP.DEFL.KD.ZG,7.93664362185575,10.7486156433181,12.8727022949597,12.046153593928,3.21764033063415,8.90130951371992,8.81166380762026,5.77257168704256,3.49991704639481,3.40866863249347,2.58317929470058,3.39366738329667,5.80004688806142,3.68680020799699,3.80372114891544,2.4499817481219
Europe & Central Asia (IDA & IBRD countries),TEC,"Inflation, GDP deflator (annual %)",NY.GDP.DEFL.KD.ZG,7.53263295026098,10.3567699439691,11.9602397898707,10.8208684279741,3.7855576881331,7.00928360259741,8.20084709330651,4.78556980595843,3.36682464224465,2.30918242990974,2.21957293262733,2.84422269754501,4.81028842774043,3.44744512662716,3.65805440727458,3.16960314195654
European Union,EUU,"Inflation, GDP deflator (annual %)",NY.GDP.DEFL.KD.ZG,2.54310388785439,2.89907441935304,2.96634549274198,3.23523527997193,1.67883895982297,0.929440948424528,1.61710657996737,1.6752701237629,1.27998705426134,0.982645554501687,1.03644083022607,0.874115426326341,1.4640640238877,2.00220922746736,2.19960392242207,1.59682265615311
Fragile and conflict affected situations,FCS,"Inflation, GDP deflator (annual %)",NY.GDP.DEFL.KD.ZG,9.23019817632122,7.42600279717277,6.88838910319755,9.1493306104799,1.41633931037644,6.39181186303651,8.75548367855996,5.91663337792178,2.87383586146187,1.60143936813422,2.34849471912919,1.97685708059442,3.36709346101365,4.30611583535888,3.35275171067493,2.22090183339058
Heavily indebted poor countries (HIPC),HPC,"Inflation, GDP deflator (annual %)",NY.GDP.DEFL.KD.ZG,8.10865668039638,7.75962934352695,7.34730058968285,10.061415050817,3.89678759334858,5.8916384220316,9.19546956079571,5.88199585008139,3.9581303475189,2.04949772560468,3.00419021399499,4.34922894136585,4.12418280692921,2.65874592096384,3.00001181877067,3.52188343541179
High income,HIC,"Inflation, GDP deflator (annual %)",NY.GDP.DEFL.KD.ZG,2.76298822939948,2.99232867549377,3.33633390378398,3.85891814668151,1.07085951684321,1.45185654778398,2.00057681971947,1.9611193413831,1.28133222727746,1.20055485938147,1.00054163291141,0.862992696829643,1.84498662356487,2.02236171156947,1.80002115966444,1.22581576386962
IBRD only,IBD,"Inflation, GDP deflator (annual %)",NY.GDP.DEFL.KD.ZG,6.81052073323672,8.42496922137396,6.79746026333109,10.3850410809793,3.53797080385938,6.94533192787724,6.56629524880474,4.791922842305,3.22674767940568,2.85865904565387,2.12904824405096,2.84422269754501,4.18137503365021,3.74065383022071,2.52561865647056,2.11323130089934
IDA & IBRD total,IBT,"Inflation, GDP deflator (annual %)",NY.GDP.DEFL.KD.ZG,7.10286574074814,7.72818771931642,7.1075407692287,9.50153754220077,3.32987152335037,6.08868680792978,8.06821982105158,5.20326045839777,3.57669634681742,3.02729865321681,2.83508621841817,3.02230644256338,4.02974599325579,3.22610640466073,2.9613962463567,2.64519077270225
IDA blend,IDB,"Inflation, GDP deflator (annual %)",NY.GDP.DEFL.KD.ZG,5.13660107677569,4.63977091958637,6.74011713181295,7.25575764674799,1.76466630919134,4.40818124805133,8.83316822422471,3.92652290919531,3.62129654202479,2.01421263413441,2.76032767179638,2.51784593601241,2.43760763920471,2.72491582561258,3.32758875328085,0.549999976470247
IDA only,IDX,"Inflation, GDP deflator (annual %)",NY.GDP.DEFL.KD.ZG,7.50171013084201,7.36583465885958,7.43828600553336,9.71564419054039,4.03530386157429,6.02587341957646,8.67779913289522,6.18103617692616,3.63300945054496,4.26520661630386,4.23553727737367,4.04783780036301,4.12418280692921,3.00116964035087,3.65805440727458,3.33834937853508
IDA total,IDA,"Inflation, GDP deflator (annual %)",NY.GDP.DEFL.KD.ZG,7.23526641006809,7.27989528053288,7.28126379351861,9.12934198474252,2.54723180822013,5.74932104643767,8.75548367855996,5.91663337792178,3.62715299628488,3.75482553516812,3.75374941083757,3.26510590867817,3.71524527491295,2.98835312919474,3.49282158027771,3.21740233033769
Late-demographic dividend,LTE,"Inflation, GDP deflator (annual %)",NY.GDP.DEFL.KD.ZG,6.89693651611844,6.77427411909737,7.32640914523968,8.02353640478846,1.82670368859839,5.58059961527559,4.5932251410207,3.57651352093811,2.16337002683569,2.07782277044168,1.97770278824407,1.7391258932409,3.55477418852846,3.20306481846532,2.46704405847051,0.857559032738862
Latin America & Caribbean,LCN,"Inflation, GDP deflator (annual %)",NY.GDP.DEFL.KD.ZG,5.94079763021928,6.38922240841194,6.37478919179978,7.60243910814724,3.53797080385938,4.54515133760761,5.65954799379669,3.59822124441102,2.64125286345401,2.71689274011497,2.69052090074331,2.18440361611209,2.61027802848737,2.27741531762133,3.0095036590888,2.19196073386506
Latin America & Caribbean (excluding high income),LAC,"Inflation, GDP deflator (annual %)",NY.GDP.DEFL.KD.ZG,6.41886707316886,7.2152610989971,6.63800472061047,9.09302227227872,3.6240700959328,5.29049315194554,5.81953083341611,4.34345854006258,3.22674767940568,2.94550733785566,2.91963821620658,3.68798342348877,3.64352138697456,2.23494687277949,3.25504592396947,2.42455612021616
Latin America & the Caribbean (IDA & IBRD countries),TLA,"Inflation, GDP deflator (annual %)",NY.GDP.DEFL.KD.ZG,6.41886707316886,6.70775944597675,6.63800472061047,8.40104456348225,3.6240700959328,5.29049315194554,5.84348608977862,4.34345854006258,3.46246660663851,2.94550733785566,2.83508621841817,3.08088269037734,3.67138451288938,2.27741531762133,3.0576110718209,1.74498628223898
Least developed countries: UN classification,LDC,"Inflation, GDP deflator (annual %)",NY.GDP.DEFL.KD.ZG,7.62368935878268,7.36003927198551,7.3212473182473,9.74189301032553,2.52203836158537,6.2200681177809,9.41096298246961,6.17312342645301,4.60163820310162,3.73511317576227,3.55656893707938,4.58220579113343,3.71524527491295,3.05206259186094,4.07933534214901,3.68147308905784
Low & middle income,LMY,"Inflation, GDP deflator (annual %)",NY.GDP.DEFL.KD.ZG,7.1286222786662,7.8670043817886,7.09973099510101,9.71564419054039,2.73825856642382,6.3911950513067,8.07568446695551,5.30833937178907,3.58690582630628,3.05305530085906,2.86366512244869,3.08088269037734,3.96925793352338,3.22610640466073,3.00001181877067,2.87803228859791
Low income,LIC,"Inflation, GDP deflator (annual %)",NY.GDP.DEFL.KD.ZG,9.87551191119556,7.87411732727648,7.54008444624958,10.6402448170694,3.29778243418981,6.45159937018169,11.0178763152179,5.91663337792178,4.76904680607451,2.61590783947945,5.18785986262262,5.03033658512501,6.44370628779525,5.01465777807508,5.89540536794925,4.47723738513215
Lower middle income,LMC,"Inflation, GDP deflator (annual %)",NY.GDP.DEFL.KD.ZG,6.21272950937575,7.8670043817886,7.09973099510101,10.381181762675,4.03530386157429,8.77750811554523,8.67779913289522,7.19845072162531,4.30879343709354,4.08600983358186,3.38153597523775,3.00771660331731,4.20843046446223,3.42994106959985,3.46870861887061,3.56303977511772
Middle East & North Africa,MEA,"Inflation, GDP deflator (annual %)",NY.GDP.DEFL.KD.ZG,14.9301591221142,9.8216053034922,7.32972519232709,17.3490759737317,-5.74274652984533,10.6051076048603,12.4150978635142,4.63431300348469,1.52187821225149,0.59302075248641,0.197001678736839,0.871295200305951,5.51968542033678,7.92466484034544,1.67062575504566,0.297744748403552
Middle East & North Africa (excluding high income),MNA,"Inflation, GDP deflator (annual %)",NY.GDP.DEFL.KD.ZG,9.08158924009054,9.8216053034922,5.72276979118593,16.479240691772,0.999822846895349,11.6515904382565,11.6185270830164,5.93760252368088,5.11932083805233,3.44532356315609,2.12904824405096,1.48315700501477,4.71431803467152,6.86293666645625,4.09482370321739,1.99159495083833
Middle East & North Africa (IDA & IBRD countries),TMN,"Inflation, GDP deflator (annual %)",NY.GDP.DEFL.KD.ZG,11.9504489708053,10.546704283178,6.39533725088349,15.9501259770903,0.146912227305961,10.1068646283367,11.6629763504481,5.98193050372183,4.50027023824006,2.35381398833319,2.1494001805021,1.51601877687338,5.55248637358425,7.39380075340085,4.13475147256271,1.76228806828608
Middle income,MIC,"Inflation, GDP deflator (annual %)",NY.GDP.DEFL.KD.ZG,6.57553686982987,7.83356587076231,6.69530970237394,9.32587032445851,2.73825856642382,6.13894598308985,7.46594303367513,4.79827587865157,3.35844634594847,3.1924061089603,2.61070947382279,3.00771660331731,3.72517272797695,3.19333425344543,2.64769103215174,2.4499817481219
North America,NAC,"Inflation, GDP deflator (annual %)",NY.GDP.DEFL.KD.ZG,3.13582406672013,3.08558293163451,2.70252656886151,3.98373860184653,0.640954732672782,2.23622200255707,2.0777138203681,1.87059552937039,1.73744799956536,1.94459869733706,1.00054163291141,1.00223548021816,1.89784380661034,1.61741439035406,1.78871550735442,0.749680463567586
Not classified,INX,"Inflation, GDP deflator (annual %)",NY.GDP.DEFL.KD.ZG,..,..,..,..,..,..,..,..,..,..,..,..,..,..,..,..
OECD members,OED,"Inflation, GDP deflator (annual %)",NY.GDP.DEFL.KD.ZG,2.59422903744559,2.87371619808741,2.89132061218994,3.13289826890516,1.7450621403601,1.28899947180547,1.88361547483936,1.82986274688856,1.61212200237522,1.51609631834131,1.23431745684207,1.06829275029535,1.82451960213263,1.94457364533077,2.12733023764781,1.57887040301795
Other small states,OSS,"Inflation, GDP deflator (annual %)",NY.GDP.DEFL.KD.ZG,5.80054673048753,7.47313099663036,4.92760710069359,10.4255760885952,2.02085477686364,3.72589849891101,5.47373678522737,3.44088030034162,2.27617159097511,1.3714699540031,2.01333687678849,1.51584221263956,2.72206358301467,2.77404147541738,0.967708838576783,0.352381697421237
Pacific island small states,PSS,"Inflation, GDP deflator (annual %)",NY.GDP.DEFL.KD.ZG,2.0969946720524,3.8727171595439,3.02445641038638,7.16254136561389,1.67772404400257,0.846426235679147,1.66205146052489,4.1940692306183,0.877192982456165,2.82332746027672,3.55606970922797,4.04783780036301,2.50856769274144,2.93828120666615,1.43248276043757,1.80073071027329
Post-demographic dividend,PST,"Inflation, GDP deflator (annual %)",NY.GDP.DEFL.KD.ZG,2.38905685734412,2.58480934417302,3.05191657813132,3.13289826890516,1.69752900953773,1.18358753204588,1.82035485607192,1.52189513908784,1.48253033642344,1.3912823623973,1.39459094900347,1.13790031078801,1.86405830131122,2.00628801436194,1.96720628554316,1.57887040301795
Pre-demographic dividend,PRE,"Inflation, GDP deflator (annual %)",NY.GDP.DEFL.KD.ZG,7.62368935878268,7.65225430526529,7.03666107458216,9.99371438101096,1.76784748666535,7.25531063213528,10.6548162473136,5.88199585008139,3.3201824977005,1.21068531516744,2.86366512244869,2.98011408445534,4.64905082083695,3.10295554337101,3.00001181877067,2.49998196717382
Small states,SST,"Inflation, GDP deflator (annual %)",NY.GDP.DEFL.KD.ZG,5.05684575856435,4.6325878594249,4.7202387452969,7.25575764674799,1.67772404400257,3.19717545893678,4.01660651440369,3.44088030034162,2.12454183861853,1.464242230826,3.01084695820528,1.9353445319647,2.49334879280134,2.68489687971072,1.52437381831751,0.466178569379139
South Asia,SAS,"Inflation, GDP deflator (annual %)",NY.GDP.DEFL.KD.ZG,6.97957702621326,7.36293696542255,7.43880413621326,8.52746785916293,6.90236006049231,8.83534694059378,10.6842834972685,7.837768138589,6.33363452942536,5.15481617364918,3.83365841178446,4.6132735556891,4.53867178764646,3.8342188929204,3.10590199454746,4.78037483016861
South Asia (IDA & IBRD),TSA,"Inflation, GDP deflator (annual %)",NY.GDP.DEFL.KD.ZG,6.97957702621326,7.36293696542255,7.43880413621326,8.52746785916293,6.90236006049231,8.83534694059378,10.6842834972685,7.837768138589,6.33363452942536,5.15481617364918,3.83365841178446,4.6132735556891,4.53867178764646,3.8342188929204,3.10590199454746,4.78037483016861
Sub-Saharan Africa,SSF,"Inflation, GDP deflator (annual %)",NY.GDP.DEFL.KD.ZG,7.34653939628971,7.76318581627088,7.06819603484158,10.5329104528323,3.60351518874526,5.64433086097335,9.39165549288849,5.46617486758647,4.03663905544056,3.08966057007206,2.92789386188644,4.90566843824038,3.87101038223488,3.52971462034019,2.66808493750709,3.56303977511772
Sub-Saharan Africa (excluding high income),SSA,"Inflation, GDP deflator (annual %)",NY.GDP.DEFL.KD.ZG,7.50171013084201,7.87411732727648,7.03666107458216,10.4255760885952,3.07160362485006,5.8863816462889,9.41096298246961,5.38725711968777,3.81334835990351,2.61590783947945,2.97227834871158,5.03033658512501,3.92171862000133,3.95647369730938,2.85603411987745,3.60419611482365
Sub-Saharan Africa (IDA & IBRD countries),TSS,"Inflation, GDP deflator (annual %)",NY.GDP.DEFL.KD.ZG,7.34653939628971,7.76318581627088,7.06819603484158,10.5329104528323,3.60351518874526,5.64433086097335,9.39165549288849,5.46617486758647,4.03663905544056,3.08966057007206,2.92789386188644,4.90566843824038,3.87101038223488,3.52971462034019,2.66808493750709,3.56303977511772
Upper middle income,UMC,"Inflation, GDP deflator (annual %)",NY.GDP.DEFL.KD.ZG,6.89693651611844,7.80012735973601,6.4252012519074,9.13886078346906,2.28865205883768,5.6456641046754,6.01174543307817,4.12999809955628,2.54445432779046,2.44995393434078,2.46060719880879,2.94958996460362,3.46173570919169,2.96872474772829,2.54620538696823,1.35648830406522
World,WLD,"Inflation, GDP deflator (annual %)",NY.GDP.DEFL.KD.ZG,5.83723407076282,5.50147956278158,5.7769601471735,7.9036020300347,2.17200642769241,4.34908358944368,5.66110237052443,3.61665506268449,2.27602449452651,1.94459869733706,2.21937679497915,1.90110663436174,2.8588837280198,2.71684313517666,2.40989778580873,1.76173847684798
,,,,,,,,,,,,,,,,,,,
,,,,,,,,,,,,,,,,,,,
,,,,,,,,,,,,,,,,,,,
Data from database: World Development Indicators,,,,,,,,,,,,,,,,,,,
Last Updated: 07/20/2022,,,,,,,,,,,,,,,,,,,
