Series Name,Series Code,Country Name,Country Code,2005 [YR2005],2006 [YR2006],2007 [YR2007],2008 [YR2008],2009 [YR2009],2010 [YR2010],2011 [YR2011],2012 [YR2012],2013 [YR2013],2014 [YR2014],2015 [YR2015],2016 [YR2016],2017 [YR2017],2018 [YR2018],2019 [YR2019],2020 [YR2020]
GDP (current US$),NY.GDP.MKTP.CD,Afghanistan,AFG,6209137625,6971285595,9747879532,10109305183,12416161049,15856678596,17805113119,19907317066,20146404996,20497126770,19134211764,18116562465,18753469630,18053228579,18799450743,20116137326
GDP (current US$),NY.GDP.MKTP.CD,Albania,ALB,8052073539,8896072919,10677324144,12881353508,12044208086,11926922829,12890764531,12319830437,12776220507,13228147516,11386850130,11861199831,13019689337,15156432310,15401830754,15131866271
GDP (current US$),NY.GDP.MKTP.CD,Algeria,DZA,1.03198E+11,1.17027E+11,1.34977E+11,1.71001E+11,1.37211E+11,1.61207E+11,2.00013E+11,2.09059E+11,2.09755E+11,2.1381E+11,1.65979E+11,1.60034E+11,1.70097E+11,1.74911E+11,1.71767E+11,1.45009E+11
GDP (current US$),NY.GDP.MKTP.CD,American Samoa,ASM,500000000,493000000,518000000,560000000,675000000,573000000,570000000,640000000,638000000,643000000,673000000,671000000,612000000,639000000,648000000,709000000
GDP (current US$),NY.GDP.MKTP.CD,Andorra,AND,3159905484,3456442103,3952600602,4085630584,3674409558,3449925739,3629133574,3188652765,3193512950,3271685597,2789881259,2896610480,3000162081,3218419897,3155149348,2891001149
GDP (current US$),NY.GDP.MKTP.CD,Angola,AGO,36970918699,52381006892,65266452081,88538610805,70307166934,81699556137,1.09437E+11,1.24998E+11,1.33402E+11,1.37244E+11,87219290029,49840494026,68972763787,77792940077,69309104807,53619071176
GDP (current US$),NY.GDP.MKTP.CD,Antigua and Barbuda,ATG,1022962963,1157662963,1312759259,1370070370,1228329630,1148700000,1137637037,1199948148,1181448148,1249733333,1336692593,1436585185,1467977778,1605944444,1687533333,1370281481
GDP (current US$),NY.GDP.MKTP.CD,Argentina,ARG,1.98737E+11,2.32557E+11,2.87531E+11,3.61558E+11,3.32976E+11,4.23627E+11,5.30163E+11,5.45982E+11,5.52025E+11,5.2632E+11,5.94749E+11,5.57531E+11,6.43629E+11,5.2482E+11,4.52818E+11,3.89591E+11
GDP (current US$),NY.GDP.MKTP.CD,Armenia,ARM,4900469950,6384451606,9206301700,11662040714,8647936748,9260284938,10142111334,10619320049,11121465767,11609512940,10553337673,10546135160,11527458566,12457941907,13619291361,12641209802
GDP (current US$),NY.GDP.MKTP.CD,Aruba,ABW,2359776536,2469832402,2677653631,2843016760,2553631285,2453631285,2637988827,2615083799,2727932961,2791061453,2963128492,2983798883,3092178771,3202234637,3310055866,2496648045
GDP (current US$),NY.GDP.MKTP.CD,Australia,AUS,6.95075E+11,7.47556E+11,8.53955E+11,1.05513E+12,9.28043E+11,1.14759E+12,1.39791E+12,1.54651E+12,1.57634E+12,1.4675E+12,1.35053E+12,1.20669E+12,1.32688E+12,1.42853E+12,1.39195E+12,1.32784E+12
GDP (current US$),NY.GDP.MKTP.CD,Austria,AUT,3.16092E+11,3.3628E+11,3.89186E+11,4.32052E+11,4.01759E+11,3.92275E+11,4.31685E+11,4.09402E+11,4.30191E+11,4.42585E+11,3.81971E+11,3.95837E+11,4.17261E+11,4.55168E+11,4.45012E+11,4.33258E+11
GDP (current US$),NY.GDP.MKTP.CD,Azerbaijan,AZE,13245716099,20982986344,33050343783,48852482960,44291490421,52909294792,65951627200,69683935845,74164435946,75244294275,53074370486,37867518957,40865558912,47112941176,48174235294,42693000000
GDP (current US$),NY.GDP.MKTP.CD,"Bahamas, The",BHS,9836200000,10167250000,10618340000,10526000000,9981960000,10095760000,10070450000,10720500000,10562800000,11176100000,11861900000,11834600000,12357600000,12755800000,13192800000,9699500000
GDP (current US$),NY.GDP.MKTP.CD,Bahrain,BHR,15968723404,18504760638,21730000000,25710904255,22938218085,25713271277,28776595745,30749308511,32539468085,33387712766,31050638298,32234973404,35473776596,37802005319,38653318085,34723357447
GDP (current US$),NY.GDP.MKTP.CD,Bangladesh,BGD,69442943089,71819083684,79611888213,91631278239,1.02478E+11,1.15279E+11,1.28638E+11,1.33356E+11,1.4999E+11,1.72885E+11,1.95079E+11,2.65236E+11,2.93755E+11,3.21379E+11,3.51238E+11,3.73902E+11
GDP (current US$),NY.GDP.MKTP.CD,Barbados,BRB,3819500000,4217450803,4674007452,4784925079,4465657315,4529928302,4657699461,4610095998,4677248302,4696344342,4724691213,4832811756,4981588900,5097283213,5304164323,4689534962
GDP (current US$),NY.GDP.MKTP.CD,Belarus,BLR,30207567317,36954312354,45277399814,60763483146,50874078052,57222490769,61757788945,65685102555,75527984234,78813839984,56454734397,47722657821,54726595249,60031262269,64409647194,61489588895
GDP (current US$),NY.GDP.MKTP.CD,Belgium,BEL,3.85715E+11,4.0826E+11,4.70922E+11,5.17328E+11,4.83254E+11,4.81421E+11,5.2333E+11,4.96153E+11,5.21791E+11,5.3539E+11,4.62336E+11,4.76063E+11,5.02765E+11,5.43347E+11,5.35376E+11,5.21677E+11
GDP (current US$),NY.GDP.MKTP.CD,Belize,BLZ,1111453824,1211148305,1283112550,1352588868,1320605472,1387925188,1466822039,1531348953,1581844936,1676406802,1734320479,1796928937,1844906693,1887465218,1945250236,1585631670
GDP (current US$),NY.GDP.MKTP.CD,Benin,BEN,6567654494,7034111651,8169048690,9787735426,9738626993,9535344283,10693321954,11141358945,12517845732,13284528654,11388160958,11821066153,12701654743,14262407011,14391686633,15651545332
GDP (current US$),NY.GDP.MKTP.CD,Bermuda,BMU,4868136000,6144000000,6767000000,6980000000,6656000000,6634526000,6312691000,6378188000,6465756000,6413988000,6654541000,6899911000,7142316000,7225977000,7423465000,6881662000
GDP (current US$),NY.GDP.MKTP.CD,Bhutan,BTN,796938120.2,874989895.6,1168308517,1227808791,1234014292,1547991318,1777101317,1781281282,1756215665,1907090813,2003598213,2158972129,2450364928,2446866405,2535657069,2315436303
GDP (current US$),NY.GDP.MKTP.CD,Bolivia,BOL,9549077919,11451869202,13120183208,16674324662,17339992194,19649631308,23963033429,27084497482,30659338886,32996188017,33000198249,33941126194,37508642171,40287647931,40895322851,36629843806
GDP (current US$),NY.GDP.MKTP.CD,Bosnia and Herzegovina,BIH,11222953329,12864610865,15778767390,19112739365,17613836494,17176781066,18644723861,17221192487,18172335776,18560861398,16219819344,16914287593,18079076427,20177422311,20201323283,19955120005
GDP (current US$),NY.GDP.MKTP.CD,Botswana,BWA,9918907108,10137883299,10939053365,10945070442,10267133178,12786654498,15351972361,14380004175,14901750991,15654660710,13578754072,15082578065,16088437675,16914245098,16695925027,14930072799
GDP (current US$),NY.GDP.MKTP.CD,Brazil,BRA,8.91634E+11,1.10763E+12,1.39711E+12,1.69586E+12,1.667E+12,2.20884E+12,2.61616E+12,2.46523E+12,2.47282E+12,2.45604E+12,1.80221E+12,1.79569E+12,2.06351E+12,1.91693E+12,1.87329E+12,1.44857E+12
GDP (current US$),NY.GDP.MKTP.CD,British Virgin Islands,VGB,..,..,..,..,..,..,..,..,..,..,..,..,..,..,..,..
GDP (current US$),NY.GDP.MKTP.CD,Brunei Darussalam,BRN,9531402848,11470703002,12247694247,14393099069,10732366286,13707370737,18525319978,19047940301,18093829923,17098342541,12930394938,11400854268,12128104859,13567351175,13469422959,12005825770
GDP (current US$),NY.GDP.MKTP.CD,Bulgaria,BGR,29869283400,34379808889,44405101470,54438966420,52023504656,50682061053,57678241024,54300857424,55810138436,57082011260,50781996713,53953897624,59199447421,66363422450,68915416142,69889347433
GDP (current US$),NY.GDP.MKTP.CD,Burkina Faso,BFA,6146352742,6547420134,7625723124,9451436359,9450697336,10109618964,12080296644,12561016091,13444301139,13943016924,11832159276,12833363370,14106956830,15890065020,16178162030,17933606353
GDP (current US$),NY.GDP.MKTP.CD,Burundi,BDI,1117113046,1273375020,1356199365,1611835902,1781455092,2032135247,2235820868,2333341375,2451606684,2705783272,3104003611,2639321196,2712324087,2660123624,2581268126,2780510625
GDP (current US$),NY.GDP.MKTP.CD,Cabo Verde,CPV,971977088.2,1107891063,1513933983,1789333749,1711817182,1664310770,1865915544,1741809809,1850470042,1859898513,1596800287,1663008687,1769787215,1966501118,1981845741,1703698677
GDP (current US$),NY.GDP.MKTP.CD,Cambodia,KHM,6293046162,7274595707,8639235842,10351914093,10401851851,11242275199,12829541141,14054443213,15227991395,16702610842,18049954289,20016747754,22177200512,24571753583,27089389787,25872798012
GDP (current US$),NY.GDP.MKTP.CD,Cameroon,CMR,19509850837,20910513975,23928251334,27715144580,27932971683,27507499709,30630912185,30155064574,33728622819,36386546918,32210232912,33814337900,36098550142,39973839065,39670977333,40804449726
GDP (current US$),NY.GDP.MKTP.CD,Canada,CAN,1.17311E+12,1.31926E+12,1.46882E+12,1.55299E+12,1.37463E+12,1.61734E+12,1.79333E+12,1.82837E+12,1.8466E+12,1.80575E+12,1.55651E+12,1.52799E+12,1.64927E+12,1.72533E+12,1.74202E+12,1.64542E+12
GDP (current US$),NY.GDP.MKTP.CD,Cayman Islands,CYM,..,4200439499,4466438823,4586114070,4281868766,4156990816,4186223865,4291158968,4405954696,4563017852,4708336756,4909498943,5166467287,5530377593,5943589096,5608989196
GDP (current US$),NY.GDP.MKTP.CD,Central African Republic,CAF,1337894380,1461859763,1699811293,1993407887,2067381664,2142591376,2437982840,2510126699,1691544192,1894813505,1695825708,1825018191,2072349974,2220978978,2221301401,2326720921
GDP (current US$),NY.GDP.MKTP.CD,Chad,TCD,6649307057,7428701809,8650138069,10393834721,9290728773,10668102735,12172309523,12367363678,12953535496,13940768066,10950392220,10097778354,10000395242,11239167048,11314951343,10715396135
GDP (current US$),NY.GDP.MKTP.CD,Channel Islands,CHI,8827299477,9676410338,11515258634,..,..,..,..,..,..,..,..,..,..,..,..,..
GDP (current US$),NY.GDP.MKTP.CD,Chile,CHL,1.22315E+11,1.5384E+11,1.72566E+11,1.79663E+11,1.71413E+11,2.17105E+11,2.51225E+11,2.67176E+11,2.77239E+11,2.59405E+11,2.42497E+11,2.49299E+11,2.76365E+11,2.95403E+11,2.78585E+11,2.52727E+11
GDP (current US$),NY.GDP.MKTP.CD,China,CHN,2.28597E+12,2.75213E+12,3.55034E+12,4.59431E+12,5.1017E+12,6.08716E+12,7.5515E+12,8.53223E+12,9.57041E+12,1.04757E+13,1.10616E+13,1.12333E+13,1.23104E+13,1.38948E+13,1.42799E+13,1.46877E+13
GDP (current US$),NY.GDP.MKTP.CD,Colombia,COL,1.45619E+11,1.61619E+11,2.06182E+11,2.42187E+11,2.32398E+11,2.86563E+11,3.34944E+11,3.70921E+11,3.82116E+11,3.81112E+11,2.93482E+11,2.82825E+11,3.11884E+11,3.34198E+11,3.2311E+11,2.703E+11
GDP (current US$),NY.GDP.MKTP.CD,Comoros,COM,653845122.9,698431827.7,795673128.5,915659192.8,905341090.6,907978723.5,1023086184,1015843369,1116224161,1149587652,966029542,1012835518,1077439663,1188797575,1195019559,1223876065
GDP (current US$),NY.GDP.MKTP.CD,"Congo, Dem. Rep.",COD,11964484668,14451902468,16737071816,19788515874,18648373312,21565720044,25839749199,29306235826,32679745298,35909040266,37917704900,37134799975,38019265626,47568210068,51775830726,48716960860
GDP (current US$),NY.GDP.MKTP.CD,"Congo, Rep.",COG,6650001685,8072305031,8782703428,11649857662,9723299908,13148396206,15655383586,17692911281,17958720704,17912907682,11890259177,10219341017,11094823677,13670038020,12750338736,10483151094
GDP (current US$),NY.GDP.MKTP.CD,Costa Rica,CRI,20040642477,22715540324,26884700345,30801744881,30745712007,37658614803,42762617082,47231651863,50949672206,52016408951,56441917653,58847016045,60516043590,62420165100,64417670083,62158002233
GDP (current US$),NY.GDP.MKTP.CD,Cote d'Ivoire,CIV,24036917017,25281414473,28760092034,34078243426,33886814907,34936305297,36693712825,36302305578,42760237561,48843008580,45814637971,47964234560,51588158718,58011466451,58539424930,61348579465
GDP (current US$),NY.GDP.MKTP.CD,Croatia,HRV,45780237257,50860788253,60542673503,70750646248,63084004705,60426018629,63169910822,57192346923,58889082315,58330289757,50163192883,52295158344,56214427431,62247874949,62246206341,57203783203
GDP (current US$),NY.GDP.MKTP.CD,Cuba,CUB,42643836100,48835925926,54262870370,56302129630,57481481481,59562962963,68990000000,73141000000,77148000000,80656000000,87133000000,91370000000,96851000000,1.0005E+11,1.03428E+11,1.07352E+11
GDP (current US$),NY.GDP.MKTP.CD,Curacao,CUW,..,..,..,..,..,..,2933128492,3024525140,3039944134,3048435754,3042737430,3014748603,3009497207,3020388817,2995185487,2496174736
GDP (current US$),NY.GDP.MKTP.CD,Cyprus,CYP,18433411267,20072786351,23968764030,27844698989,25945391775,25732432719,27565469098,24978513427,23900872626,23156850007,19842404305,20953442550,22870833710,25522671233,25758357775,24692095945
GDP (current US$),NY.GDP.MKTP.CD,Czech Republic,CZE,1.37143E+11,1.56264E+11,1.90184E+11,2.36816E+11,2.07434E+11,2.0907E+11,2.29563E+11,2.08858E+11,2.11686E+11,2.09359E+11,1.88033E+11,1.96272E+11,2.18629E+11,2.4895E+11,2.52498E+11,2.45339E+11
GDP (current US$),NY.GDP.MKTP.CD,Denmark,DNK,2.64467E+11,2.82885E+11,3.19423E+11,3.53361E+11,3.21241E+11,3.21995E+11,3.44003E+11,3.27149E+11,3.43584E+11,3.52994E+11,3.02673E+11,3.13116E+11,3.32121E+11,3.56841E+11,3.47561E+11,3.56085E+11
GDP (current US$),NY.GDP.MKTP.CD,Djibouti,DJI,708633194.7,768873684,847918929.1,999105339.3,1049110685,1128611700,1239144502,1353632942,2042817163,2214679081,2424391785,2604955229,2762581334,2913466732,3088853639,3181071154
GDP (current US$),NY.GDP.MKTP.CD,Dominica,DMA,364255555.6,390251851.9,421374074.1,458188888.9,489074074.1,493825925.9,501025925.9,485996296.3,498296296.3,520207407.4,540737037,576229629.6,521551851.9,554770370.4,611537037,504214814.8
GDP (current US$),NY.GDP.MKTP.CD,Dominican Republic,DOM,35777570136,37879869898,43965420072,48122547177,48261033298,53860175556,58029750746,60681537196,62682163837,67179914027,71164825257,75704720190,79997975622,85555378043,88941299734,78844702329
GDP (current US$),NY.GDP.MKTP.CD,Ecuador,ECU,41507085000,46802044000,51007777000,61762635000,62519686000,69555367000,79276664000,87924544000,95129659000,1.01726E+11,99290381000,99937696000,1.04296E+11,1.07562E+11,1.08108E+11,99291124000
GDP (current US$),NY.GDP.MKTP.CD,"Egypt, Arab Rep.",EGY,89600665557,1.07426E+11,1.30438E+11,1.62818E+11,1.89147E+11,2.18984E+11,2.3599E+11,2.79117E+11,2.88434E+11,3.05595E+11,3.29367E+11,3.32442E+11,2.35734E+11,2.49713E+11,3.03081E+11,3.65253E+11
GDP (current US$),NY.GDP.MKTP.CD,El Salvador,SLV,14698000000,15999890000,17011750000,17986890000,17601620000,18447920000,20283780000,21386150000,21990960000,22593470000,23438240000,24191430000,24979190000,26020850000,26896660000,24638720000
GDP (current US$),NY.GDP.MKTP.CD,Equatorial Guinea,GNQ,8217369093,10086528699,13071718759,19749893536,15027795173,16314442183,21357344847,22388345810,21948835350,21765454404,13185496836,11240809132,12200912828,13097011208,11364134109,10099157270
GDP (current US$),NY.GDP.MKTP.CD,Eritrea,ERI,1098425901,1211161880,1317974491,1380188800,1856695551,1589515447,2065001626,..,..,..,..,..,..,..,..,..
GDP (current US$),NY.GDP.MKTP.CD,Estonia,EST,14106790200,17022870405,22449129483,24341678629,19633031398,19523477326,23213994093,23019150071,25115753366,26634083965,22890762090,24072829277,26924385103,30489500905,31045591753,30650285472
GDP (current US$),NY.GDP.MKTP.CD,Eswatini,SWZ,3178126492,3291353836,3469363996,3294093485,3580417067,4438778424,4820499924,4886533033,4597532030,4422968340,4063245671,3816022047,4402969226,4666784618,4466066557,3984840580
GDP (current US$),NY.GDP.MKTP.CD,Ethiopia,ETH,12401139454,15280861835,19707616773,27066912635,32437389116,29933790334,31952763089,43310721414,47648211133,55612228234,64589334979,74296618481,81770791971,84269348327,95912590628,1.07658E+11
GDP (current US$),NY.GDP.MKTP.CD,Faroe Islands,FRO,1754406443,2014663348,2333137388,2488397638,2295640657,2322202664,2499152495,2414380665,2677296441,2901131403,2561824641,2804863556,2969876872,3180074747,3268839776,3240759989
GDP (current US$),NY.GDP.MKTP.CD,Fiji,FJI,2980484920,3076305453,3378314600,3523185920,2870624636,3140508836,3774530616,3972012571,4190143206,4856963230,4682546863,4930204230,5353404422,5581371850,5496264766,4574413823
GDP (current US$),NY.GDP.MKTP.CD,Finland,FIN,2.04885E+11,2.17089E+11,2.56378E+11,2.85716E+11,2.53498E+11,2.49424E+11,2.75604E+11,2.5829E+11,2.71362E+11,2.74863E+11,2.34534E+11,2.40771E+11,2.55648E+11,2.75715E+11,2.68508E+11,2.71837E+11
GDP (current US$),NY.GDP.MKTP.CD,France,FRA,2.19695E+12,2.32054E+12,2.66059E+12,2.9303E+12,2.70089E+12,2.64519E+12,2.86516E+12,2.68367E+12,2.81188E+12,2.85596E+12,2.43919E+12,2.47296E+12,2.59515E+12,2.79096E+12,2.72887E+12,2.63032E+12
GDP (current US$),NY.GDP.MKTP.CD,French Polynesia,PYF,..,..,..,..,..,..,..,..,..,..,5325848045,5497037293,5833351478,6135117589,6008055248,5669368717
GDP (current US$),NY.GDP.MKTP.CD,Gabon,GAB,9582783318,10327598801,12455410056,15571349776,12113699661,14372591916,18210308748,17170465294,17595745653,18203968002,14383107714,14023890620,14929488771,16867325127,16874405840,15316824039
GDP (current US$),NY.GDP.MKTP.CD,"Gambia, The",GMB,1027702254,1054113427,1279704745,1561763437,1450140386,1543292393,1409694554,1415006238,1375608956,1229460602,1378176868,1484579844,1504909753,1670670669,1813608280,1830413000
GDP (current US$),NY.GDP.MKTP.CD,Georgia,GEO,6410823633,7745394293,10172882371,12795076469,10766836277,12243505583,15107441447,16488403076,17189551521,17627003455,14953950557,15141758567,16242916916,17596922470,17470436259,15842922533
GDP (current US$),NY.GDP.MKTP.CD,Germany,DEU,2.84686E+12,2.9947E+12,3.42558E+12,3.74526E+12,3.41126E+12,3.39967E+12,3.74931E+12,3.52714E+12,3.7338E+12,3.88909E+12,3.35759E+12,3.46985E+12,3.69085E+12,3.97729E+12,3.88833E+12,3.84641E+12
GDP (current US$),NY.GDP.MKTP.CD,Ghana,GHA,10744675210,20440893017,24827844950,28678701891,26048108185,32197272797,39337314810,41270954737,62823043706,54782847753,49406568433,56165172899,60406382899,67299280680,68337537816,70043199814
GDP (current US$),NY.GDP.MKTP.CD,Gibraltar,GIB,..,..,..,..,..,..,..,..,..,..,..,..,..,..,..,..
GDP (current US$),NY.GDP.MKTP.CD,Greece,GRC,2.47875E+11,2.73547E+11,3.18903E+11,3.55909E+11,3.31309E+11,2.97125E+11,2.82996E+11,2.42029E+11,2.38908E+11,2.35458E+11,1.95684E+11,1.93148E+11,1.99844E+11,2.12049E+11,2.05144E+11,1.88835E+11
GDP (current US$),NY.GDP.MKTP.CD,Greenland,GRL,1849805733,2013099482,2249811709,2499107511,2529948330,2503156061,2684467376,2609667674,2684952727,2842048998,2499115623,2707146783,2851610656,3055791341,2994332324,3075968329
GDP (current US$),NY.GDP.MKTP.CD,Grenada,GRD,695555555.6,698700666.7,758683592.6,825976037,771275555.6,771013259.3,778655925.9,799882259.3,842620111.1,911497407.4,997007925.9,1061640741,1125685185,1166523556,1213485185,1043411111
GDP (current US$),NY.GDP.MKTP.CD,Guam,GUM,4213000000,4238000000,4397000000,4658000000,4828000000,4949000000,4984000000,5265000000,5399000000,5610000000,5799000000,5901000000,6013000000,6060000000,6364000000,5844000000
GDP (current US$),NY.GDP.MKTP.CD,Guatemala,GTM,26783543667,29744368111,33567868323,38503862831,37125943565,40676432029,46876114650,49593961142,52996540704,57852399964,62186186576,66053725049,71654134379,73208583759,77020015201,77604632621
GDP (current US$),NY.GDP.MKTP.CD,Guinea,GIN,2937071767,4220019243,6281917656,6964179194,6716904569,6853467858,6785137173,7638045254,8376613843,8778473615,8794202444,8595955581,10324668267,11857030337,13442861444,14169626010
GDP (current US$),NY.GDP.MKTP.CD,Guinea-Bissau,GNB,587029054.4,592365688.1,696910810.9,868154708.5,830126470,849878424.2,1099818652,989271229.6,1046087418,1054915645,1048229629,1179004941,1350177128,1504630121,1439638443,1431758243
GDP (current US$),NY.GDP.MKTP.CD,Guyana,GUY,824880550.3,2379818383,2730971150,3025187924,3165663153,3432913073,3691384318,4063089192,4167800259,4127659492,4279840194,4482697337,4748174334,4787636237,5173760192,5471256595
GDP (current US$),NY.GDP.MKTP.CD,Haiti,HTI,7184064657,7518107787,9522763154,10485225353,11597014807,11859315079,13008754111,13708926466,14902474091,15139264670,14833154472,13987693739,15035560373,16455034353,14785839383,14508218017
GDP (current US$),NY.GDP.MKTP.CD,Honduras,HND,9757034457,10917481688,12361257681,13881701034,14587496229,15839344592,17710315006,18528601901,18499710128,19756494435,20979767785,21717622071,23136232230,24067778954,25089976947,23827840810
GDP (current US$),NY.GDP.MKTP.CD,"Hong Kong SAR, China",HKG,1.8157E+11,1.93536E+11,2.11597E+11,2.1928E+11,2.14046E+11,2.28638E+11,2.48514E+11,2.62629E+11,2.75697E+11,2.91459E+11,3.09384E+11,3.20858E+11,3.41273E+11,3.61731E+11,3.63052E+11,3.44881E+11
GDP (current US$),NY.GDP.MKTP.CD,Hungary,HUN,1.13237E+11,1.15751E+11,1.40228E+11,1.58374E+11,1.31114E+11,1.32231E+11,1.42E+11,1.28857E+11,1.35733E+11,1.41079E+11,1.2521E+11,1.28636E+11,1.43136E+11,1.60587E+11,1.63526E+11,1.56743E+11
GDP (current US$),NY.GDP.MKTP.CD,Iceland,ISL,16852963067,17465318552,21652505597,18074622987,13154414219,13751161918,15221622926,14751508134,16125060515,17867662178,17517210519,20793168031,24728285177,26267063758,24857740445,21718075725
GDP (current US$),NY.GDP.MKTP.CD,India,IND,8.20382E+11,9.4026E+11,1.21674E+12,1.1989E+12,1.34189E+12,1.67562E+12,1.82305E+12,1.82764E+12,1.85672E+12,2.03913E+12,2.10359E+12,2.2948E+12,2.65147E+12,2.70293E+12,2.83155E+12,2.66769E+12
GDP (current US$),NY.GDP.MKTP.CD,Indonesia,IDN,2.85869E+11,3.64571E+11,4.32217E+11,5.10229E+11,5.3958E+11,7.55094E+11,8.92969E+11,9.1787E+11,9.12524E+11,8.90815E+11,8.60854E+11,9.31877E+11,1.01562E+12,1.04227E+12,1.1191E+12,1.05869E+12
GDP (current US$),NY.GDP.MKTP.CD,"Iran, Islamic Rep.",IRN,2.26452E+11,2.66299E+11,3.49882E+11,4.12336E+11,4.16397E+11,4.86808E+11,6.26133E+11,6.44036E+11,4.92776E+11,4.60383E+11,4.08213E+11,4.57955E+11,4.8663E+11,3.30992E+11,2.91363E+11,2.31548E+11
GDP (current US$),NY.GDP.MKTP.CD,Iraq,IRQ,49954890353,65140147197,88837055195,1.31614E+11,1.11658E+11,1.38517E+11,1.8575E+11,2.18002E+11,2.34638E+11,2.28416E+11,1.66774E+11,1.66602E+11,1.87218E+11,2.27367E+11,2.33636E+11,1.8437E+11
GDP (current US$),NY.GDP.MKTP.CD,Ireland,IRL,2.11877E+11,2.32181E+11,2.70079E+11,2.75447E+11,2.36443E+11,2.21876E+11,2.38976E+11,2.25497E+11,2.38279E+11,2.5897E+11,2.9158E+11,2.98928E+11,3.35431E+11,3.85042E+11,3.99122E+11,4.25889E+11
GDP (current US$),NY.GDP.MKTP.CD,Isle of Man,IMN,3032400000,3422651334,4466100440,5928420956,5487083658,5920177689,6566098382,6690725118,7000748788,7708834951,7085288006,6846691871,6979581725,7491969313,7315388052,..
GDP (current US$),NY.GDP.MKTP.CD,Israel,ISR,1.42657E+11,1.54145E+11,1.79162E+11,2.16712E+11,2.07953E+11,2.34655E+11,2.62294E+11,2.58417E+11,2.94167E+11,3.10945E+11,3.00078E+11,3.19024E+11,3.55277E+11,3.73641E+11,3.97935E+11,4.07101E+11
GDP (current US$),NY.GDP.MKTP.CD,Italy,ITA,1.85822E+12,1.94955E+12,2.2131E+12,2.40866E+12,2.19993E+12,2.1361E+12,2.29499E+12,2.08696E+12,2.14192E+12,2.16201E+12,1.83664E+12,1.87707E+12,1.9618E+12,2.09193E+12,2.01129E+12,1.89257E+12
GDP (current US$),NY.GDP.MKTP.CD,Jamaica,JAM,11243868486,11930171468,12799593018,13709402085,12120460873,13220556883,14444655300,14807086889,14264202737,13899228824,14188935948,14077109397,14808989993,15730793853,15830768550,13812425037
GDP (current US$),NY.GDP.MKTP.CD,Japan,JPN,4.83147E+12,4.60166E+12,4.57975E+12,5.10668E+12,5.28949E+12,5.75907E+12,6.23315E+12,6.27236E+12,5.21233E+12,4.89699E+12,4.44493E+12,5.00368E+12,4.93084E+12,5.03784E+12,5.12332E+12,5.04011E+12
GDP (current US$),NY.GDP.MKTP.CD,Jordan,JOR,12588665303,15056929760,17110587447,22657662393,24537876056,27133804225,29524149155,31634561690,34454440141,36847643521,38587017887,39892551127,41408960845,42932112676,44502895915,43697659296
GDP (current US$),NY.GDP.MKTP.CD,Kazakhstan,KAZ,57123671734,81003884545,1.0485E+11,1.33442E+11,1.15309E+11,1.48047E+11,1.92627E+11,2.07999E+11,2.36635E+11,2.21416E+11,1.84388E+11,1.37278E+11,1.66806E+11,1.7934E+11,1.81667E+11,1.71082E+11
GDP (current US$),NY.GDP.MKTP.CD,Kenya,KEN,18737897745,25825524821,31958195182,35895153328,42347217913,45405587557,46869457318,56396706006,61671425370,68285768554,70120413329,74815121315,82035800868,92202956321,1.0038E+11,1.00667E+11
GDP (current US$),NY.GDP.MKTP.CD,Kiribati,KIR,112133944.3,110234939.8,132671743,141042610.3,132419903.3,155299728.5,180665807.2,189630114.9,184550740.1,177862310.4,170291002,178509814.1,188192060.1,196230573.8,177935349.3,180911843.6
GDP (current US$),NY.GDP.MKTP.CD,"Korea, Dem. People's Rep.",PRK,..,..,..,..,..,..,..,..,..,..,..,..,..,..,..,..
GDP (current US$),NY.GDP.MKTP.CD,"Korea, Rep.",KOR,9.34901E+11,1.05322E+12,1.17261E+12,1.04734E+12,9.43942E+11,1.14407E+12,1.25322E+12,1.27843E+12,1.3708E+12,1.48432E+12,1.46577E+12,1.50011E+12,1.6239E+12,1.72485E+12,1.65142E+12,1.6379E+12
GDP (current US$),NY.GDP.MKTP.CD,Kosovo,XKX,..,..,..,5181776769,5015894693,5344014318,6341737194,6163785173,6735731173,7074657898,6295820482,6682832632,7180813376,7878508503,7899879086,7716925356
GDP (current US$),NY.GDP.MKTP.CD,Kuwait,KWT,80798630137,1.01549E+11,1.1464E+11,1.47395E+11,1.05963E+11,1.15419E+11,1.54068E+11,1.7407E+11,1.74161E+11,1.62631E+11,1.14567E+11,1.0942E+11,1.20707E+11,1.38182E+11,1.36197E+11,1.0596E+11
GDP (current US$),NY.GDP.MKTP.CD,Kyrgyz Republic,KGZ,2460248026,2834168889,3802566171,5139957785,4690062255,4794357795,6197766119,6605139933,7335027592,7468096567,6678178340,6813092066,7702934800,8271108638,8871026074,7780874537
GDP (current US$),NY.GDP.MKTP.CD,Lao PDR,LAO,2735558726,3455031448,4223152219,5446434032,5836138127,7131773633,8750107402,10192848926,11983252611,13279248479,14426381187,15912495369,17071162084,18141651381,18740559554,18981800705
GDP (current US$),NY.GDP.MKTP.CD,Latvia,LVA,17003459863,21570076499,31054350978,35854274229,26410909091,23956163077,27474380566,28169902669,30204783462,31386896487,27263090547,28083597512,30483806018,34429023435,34308783825,33645460617
GDP (current US$),NY.GDP.MKTP.CD,Lebanon,LBN,21497336499,22022709852,24827355015,29118916106,35399582929,38443907042,39927125961,44016799516,46880103081,48095213746,49929337837,51147308774,53027680686,54901519156,51605959131,25948915861
GDP (current US$),NY.GDP.MKTP.CD,Lesotho,LSO,1682350935,1800105590,1682016947,1766825413,1740830511,2234731974,2579421686,2477702253,2367113170,2441053176,2359759799,2114020380,2306185361,2514146888,2451257579,2250717718
GDP (current US$),NY.GDP.MKTP.CD,Liberia,LBR,949000000,1119000000,1373000000,1726000000,1768000000,1998000000,2398000000,2791614000,3177198100,3225652000,3227075700,3398419600,3390703400,3422754800,3319596500,3039982540
GDP (current US$),NY.GDP.MKTP.CD,Libya,LBY,47334148578,60092950670,68035403136,86708074534,60810211408,75380170508,48167374612,92538004280,75350633011,57372445772,48717854040,49910960875,67158415842,76684175824,69252306372,52320215472
GDP (current US$),NY.GDP.MKTP.CD,Liechtenstein,LIE,3659251526,4000239273,4601299567,5081432924,4504549214,5082366478,5739977477,5456009385,6391735894,6657170923,6268391521,6237264055,6474256119,6692504346,6427248943,..
GDP (current US$),NY.GDP.MKTP.CD,Lithuania,LTU,26097677572,30183575104,39697891352,47797551588,37388122046,37128694028,43535051482,42927454291,46523420074,48533659592,41435533340,43047309306,47758736932,53750911866,54697379017,56546957475
GDP (current US$),NY.GDP.MKTP.CD,Luxembourg,LUX,37672280120,42910146296,51587401416,58844277702,54467289898,56213985987,61696281326,59776383527,65203276467,68804811898,60071584216,62216885436,65712180343,71285019397,70195715496,73353132794
GDP (current US$),NY.GDP.MKTP.CD,"Macao SAR, China",MAC,12160002996,14874147024,18439876056,21027044551,21587740942,28241858489,36845925519,43189526778,51536304808,54903031138,45047964934,45070605746,50440941939,55284360483,55204758070,25586111076
GDP (current US$),NY.GDP.MKTP.CD,Madagascar,MDG,5859269849,6395712392,8524620739,10725137931,9616879571,9982711338,11551819618,11578974888,12423555269,12522957228,11323020829,11848613735,13176313594,13614412551,14191911512,13225591804
GDP (current US$),NY.GDP.MKTP.CD,Malawi,MWI,3655909664,3998020177,4432937046,5321012192,6191127665,6959655571,8004000737,6028487929,5518880769,6047813437,6373212641,5433040160,8943543677,9880676219,11025370769,12172128470
GDP (current US$),NY.GDP.MKTP.CD,Malaysia,MYS,1.43534E+11,1.62691E+11,1.93548E+11,2.30814E+11,2.02258E+11,2.55017E+11,2.97952E+11,3.14443E+11,3.23277E+11,3.38062E+11,3.01355E+11,3.01255E+11,3.19112E+11,3.58792E+11,3.65276E+11,3.37006E+11
GDP (current US$),NY.GDP.MKTP.CD,Maldives,MDV,1163362438,1575200391,1868383461,2271646188,2345294875,2588176055,2774351760,2886170572,3295011382,3697351597,4109424800,4379136462,4754175869,5300962660,5607762625,3742769967
GDP (current US$),NY.GDP.MKTP.CD,Mali,MLI,6247515892,6905934219,8156468818,9838403091,10231962383,10689168011,12995112698,12442035328,13242690790,14364937128,13104764379,14026048334,15365713059,17070867578,17280250805,17465392779
GDP (current US$),NY.GDP.MKTP.CD,Malta,MLT,6416184181,6778324050,7925371475,9090406767,8696366907,9035932122,9638916481,9462238211,10551661177,11626281387,11091434484,11668286795,13505056442,15301279478,15719500921,14917038504
GDP (current US$),NY.GDP.MKTP.CD,Marshall Islands,MHL,136559500,141515800,148346700,151898900,149769600,160407100,172188500,180436300,184840400,182142800,183814300,201510900,213204100,221588900,239462200,244462400
GDP (current US$),NY.GDP.MKTP.CD,Mauritania,MRT,2936019526,3919577286,4346206809,5206444407,4714592493,5628878866,6764627666,6728208836,7223071177,6592537782,6166863960,6398747532,6800135962,7352533586,7889655284,7915985514
GDP (current US$),NY.GDP.MKTP.CD,Mauritius,MUS,6488750453,7028803366,8150138757,9990370016,9128843109,10003670690,11518393367,11668685524,12129642296,12803445934,11692287066,12232463656,13259351418,14181951059,14045808843,10926820603
GDP (current US$),NY.GDP.MKTP.CD,Mexico,MEX,8.77476E+11,9.75387E+11,1.0527E+12,1.10999E+12,9.00045E+11,1.0578E+12,1.18049E+12,1.20109E+12,1.27444E+12,1.31535E+12,1.17187E+12,1.07849E+12,1.15891E+12,1.22241E+12,1.2694E+12,1.08712E+12
GDP (current US$),NY.GDP.MKTP.CD,"Micronesia, Fed. Sts.",FSM,250281900,253541900,256787200,263145100,280284600,296944100,311301600,327248700,317214400,319271200,316489900,332265200,366666800,401932300,412479413.4,407515928
GDP (current US$),NY.GDP.MKTP.CD,Moldova,MDA,2988348836,3408244549,4401189466,6054849885,5439422031,6974982393,8414351672,8709138765,9496717702,9510198962,7745241913,8071469355,9669741744,11457443185,11971345003,11859730544
GDP (current US$),NY.GDP.MKTP.CD,Monaco,MCO,4203084194,4582988333,5867916781,6476490406,5451653237,5367625613,6088808463,5743029680,6555983530,7069616049,6261622101,6472990923,6431314957,7194024563,7383745662,6816219303
GDP (current US$),NY.GDP.MKTP.CD,Mongolia,MNG,2523471532,3414055566,4234999823,5623216449,4583850368,7189481824,10409797649,12292770631,12582122604,12226514722,11619892396,11181350461,11480847745,13178094459,14206359007,13312981595
GDP (current US$),NY.GDP.MKTP.CD,Montenegro,MNE,2257174481,2721903149,3680711744,4545674528,4159330370,4143033276,4544516982,4087725813,4465771673,4593852089,4054728173,4376929572,4856602179,5506944403,5542201151,4780722122
GDP (current US$),NY.GDP.MKTP.CD,Morocco,MAR,62343022651,68640825481,79041294874,92507257784,92897320376,93216746662,1.0137E+11,98266306615,1.06826E+11,1.10081E+11,1.0118E+11,1.03312E+11,1.09683E+11,1.18096E+11,1.1987E+11,1.14725E+11
GDP (current US$),NY.GDP.MKTP.CD,Mozambique,MOZ,8542070110,9176889070,10450843291,12556195189,11914471497,11104649065,14381552467,16350813487,16974314296,17716091057,15950979333,11936993087,13219079498,14845400593,15390031040,14028811072
GDP (current US$),NY.GDP.MKTP.CD,Myanmar,MMR,10588433069,11863016315,15591182545,23013015832,29455165595,37796052939,54118601975,58318677645,60572257122,63264892768,63045305229,60291736894,61449392056,67144725831,68697759361,78930257227
GDP (current US$),NY.GDP.MKTP.CD,Namibia,NAM,7248394160,8001779551,8839526452,8607475308,8938868165,11431334447,12523402329,13042007432,12043276397,12435416060,11335179562,10721994677,12895153160,13682062249,12543203411,10562637376
GDP (current US$),NY.GDP.MKTP.CD,Nauru,NRU,..,..,..,..,..,47564520.39,66055407.67,96927201.48,98491843.64,104654365.2,86529661.37,99723394.96,109359680.2,124021393.7,118724073.8,114626625.6
GDP (current US$),NY.GDP.MKTP.CD,Nepal,NPL,8130258041,9043715356,10325618017,12545438605,12854985464,16002656434,21573862467,21703106502,22162208956,22731602970,24360795411,24524098185,28971589213,33111525872,34186190996,33433670512
GDP (current US$),NY.GDP.MKTP.CD,Netherlands,NLD,6.85348E+11,7.33955E+11,8.48559E+11,9.5187E+11,8.71519E+11,8.47381E+11,9.05271E+11,8.38923E+11,8.77173E+11,8.92168E+11,7.65573E+11,7.8406E+11,8.3387E+11,9.14043E+11,9.10194E+11,9.13865E+11
GDP (current US$),NY.GDP.MKTP.CD,New Caledonia,NCL,6238632284,6979153332,8819922042,9067623001,8704436169,9364347372,10351442209,9659153061,10151385306,10635039739,8738205837,8724570250,9173668102,9846922416,9438130987,9435529927
GDP (current US$),NY.GDP.MKTP.CD,New Zealand,NZL,1.1472E+11,1.11539E+11,1.37189E+11,1.33131E+11,1.21374E+11,1.46518E+11,1.68291E+11,1.76207E+11,1.90907E+11,2.01313E+11,1.78064E+11,1.88838E+11,2.06624E+11,2.11953E+11,2.13435E+11,2.11735E+11
GDP (current US$),NY.GDP.MKTP.CD,Nicaragua,NIC,6321335612,6763361733,7423313549,8496946608,8298679909,8758639096,9774307336,10532006608,10982979274,11880434071,12756706583,13286083645,13785909906,13025239912,12596636042,12586941393
GDP (current US$),NY.GDP.MKTP.CD,Niger,NER,4383315657,4756361480,5731485267,7297600897,7352131669,7851191899,8772951262,9426913349,10224897935,10862944204,9683867894,10398862245,11185102400,12808660528,12916455161,13741378450
GDP (current US$),NY.GDP.MKTP.CD,Nigeria,NGA,1.76134E+11,2.36104E+11,2.75626E+11,3.39476E+11,2.95009E+11,3.61457E+11,4.04994E+11,4.55502E+11,5.08693E+11,5.46676E+11,4.86803E+11,4.0465E+11,3.75746E+11,3.9719E+11,4.4812E+11,4.32294E+11
GDP (current US$),NY.GDP.MKTP.CD,North Macedonia,MKD,6258600714,6861222332,8336478142,9909548411,9401731496,9407168702,10494632699,9745251126,10817712139,11362272838,10064515432,10672471861,11307058382,12683070061,12606338449,12116981815
GDP (current US$),NY.GDP.MKTP.CD,Northern Mariana Islands,MNP,1061000000,990000000,938000000,939000000,795000000,799000000,729000000,746000000,772000000,832000000,910000000,1230000000,1560000000,1302000000,1182000000,..
GDP (current US$),NY.GDP.MKTP.CD,Norway,NOR,3.08884E+11,3.45581E+11,4.00937E+11,4.6225E+11,3.8619E+11,4.28757E+11,4.98283E+11,5.09506E+11,5.22762E+11,4.9841E+11,3.85802E+11,3.68827E+11,3.98394E+11,4.37E+11,4.04941E+11,3.62198E+11
GDP (current US$),NY.GDP.MKTP.CD,Oman,OMN,31081991678,37215779714,42085379454,60905452536,48388363589,64993498049,77497529259,87408842653,89936020806,92699089727,78710793238,75128738622,80856697009,91505851756,88060858257,73971391417
GDP (current US$),NY.GDP.MKTP.CD,Pakistan,PAK,1.20055E+11,1.37264E+11,1.52386E+11,1.70078E+11,1.68153E+11,1.77166E+11,2.13587E+11,2.24384E+11,2.31219E+11,2.44361E+11,2.70556E+11,3.1363E+11,3.39206E+11,3.56128E+11,3.20909E+11,3.00306E+11
GDP (current US$),NY.GDP.MKTP.CD,Palau,PLW,190452900,192382400,198897700,198283900,187522800,185943000,196911100,212397800,221117200,241669800,280457700,298300000,285300000,284700000,274200000,257700000
GDP (current US$),NY.GDP.MKTP.CD,Panama,PAN,16374393900,18141666300,21295984200,25155888600,27116635600,29440287600,34686224300,40429734400,45599994000,49921464400,54091713800,57907695400,62202725200,64929409200,66984427200,53977037000
GDP (current US$),NY.GDP.MKTP.CD,Papua New Guinea,PNG,4865892972,8355006707,9545177014,11670840932,11619637799,14250755231,17984910502,21295659244,21261432791,23210682538,21723531173,20759069103,22742613554,24109509853,24751344561,24667052023
GDP (current US$),NY.GDP.MKTP.CD,Paraguay,PRY,10737500188,13429430050,17856393235,24615276690,22355161514,27129301212,33737052170,33296438306,38651334288,40377987209,36211372703,36089550659,38997129474,40225448341,37925338329,35432178068
GDP (current US$),NY.GDP.MKTP.CD,Peru,PER,76060606061,88643193062,1.02171E+11,1.20551E+11,1.20823E+11,1.47529E+11,1.71762E+11,1.92649E+11,2.01175E+11,2.00789E+11,1.89805E+11,1.91896E+11,2.11007E+11,2.22597E+11,2.28323E+11,2.01705E+11
GDP (current US$),NY.GDP.MKTP.CD,Philippines,PHL,1.0742E+11,1.27653E+11,1.5598E+11,1.81625E+11,1.75975E+11,2.08369E+11,2.34217E+11,2.61921E+11,2.83903E+11,2.97483E+11,3.06446E+11,3.18627E+11,3.28481E+11,3.46842E+11,3.76823E+11,3.61751E+11
GDP (current US$),NY.GDP.MKTP.CD,Poland,POL,3.06144E+11,3.44622E+11,4.29029E+11,5.33609E+11,4.39738E+11,4.79834E+11,5.28301E+11,4.98524E+11,5.21016E+11,5.42477E+11,4.77812E+11,4.7263E+11,5.26509E+11,5.87412E+11,5.97281E+11,5.96624E+11
GDP (current US$),NY.GDP.MKTP.CD,Portugal,PRT,1.97254E+11,2.08756E+11,2.40496E+11,2.63416E+11,2.44668E+11,2.38113E+11,2.45118E+11,2.16224E+11,2.26434E+11,2.29902E+11,1.99394E+11,2.06426E+11,2.21358E+11,2.42313E+11,2.39987E+11,2.28539E+11
GDP (current US$),NY.GDP.MKTP.CD,Puerto Rico,PRI,83914521300,87276164400,89524131600,93639300000,96385600000,98381300000,1.00352E+11,1.01565E+11,1.0245E+11,1.02446E+11,1.03376E+11,1.04337E+11,1.03446E+11,1.00925E+11,1.04915E+11,1.03138E+11
GDP (current US$),NY.GDP.MKTP.CD,Qatar,QAT,44530494505,60882142857,79712087912,1.1527E+11,97798351648,1.25122E+11,1.67775E+11,1.86834E+11,1.98728E+11,2.06225E+11,1.6174E+11,1.51732E+11,1.61099E+11,1.83335E+11,1.75838E+11,1.44411E+11
GDP (current US$),NY.GDP.MKTP.CD,Romania,ROU,98452791983,1.22023E+11,1.74585E+11,2.14314E+11,1.74104E+11,1.66309E+11,1.83327E+11,1.70636E+11,1.90801E+11,1.99959E+11,1.77729E+11,1.88129E+11,2.11695E+11,2.41457E+11,2.49882E+11,2.49511E+11
GDP (current US$),NY.GDP.MKTP.CD,Russian Federation,RUS,7.64017E+11,9.89931E+11,1.29971E+12,1.66085E+12,1.22264E+12,1.52492E+12,2.04593E+12,2.2083E+12,2.29247E+12,2.05924E+12,1.36348E+12,1.27679E+12,1.5742E+12,1.65733E+12,1.69311E+12,1.48832E+12
GDP (current US$),NY.GDP.MKTP.CD,Rwanda,RWA,2932340855,3318107347,4068224991,5177230923,5671592572,6121529488,6881379762,7650671477,7815975294,8234762201,8539424910,8690878328,9252834120,9642440646,10356327149,10184345442
GDP (current US$),NY.GDP.MKTP.CD,Samoa,WSM,476801791.1,499923741.4,573548460.4,641346174.9,628006123.3,663161528.4,737401684.1,760549577.7,770059565,756805950.2,788307314.9,799493897.5,832025556.1,821286938.9,852007104.7,807147527.6
GDP (current US$),NY.GDP.MKTP.CD,San Marino,SMR,1785847531,1908167106,2185874624,2393437820,2056126702,1881214371,1813752784,1604779648,1678841812,1673973695,1419394763,1468377242,1528630705,1655300897,1616231696,1544713785
GDP (current US$),NY.GDP.MKTP.CD,Sao Tome and Principe,STP,136450274.7,142775597.3,149146423.1,188021190.6,187820464.6,196652514.3,231489270.1,250680845.7,300554483.6,346528329.2,316066072.3,345495615,375614126.2,412253809.7,427425039.7,472914469.9
GDP (current US$),NY.GDP.MKTP.CD,Saudi Arabia,SAU,3.2846E+11,3.769E+11,4.15965E+11,5.19797E+11,4.29098E+11,5.28207E+11,6.71239E+11,7.35975E+11,7.46647E+11,7.5635E+11,6.5427E+11,6.44936E+11,6.88586E+11,8.16579E+11,8.03616E+11,7.03368E+11
GDP (current US$),NY.GDP.MKTP.CD,Senegal,SEN,11009032665,11697918803,13994218939,16853991177,16145868285,16121314671,17814284622,17660871726,18918668644,19797254643,17774766636,19040312815,20996564752,23116897847,23398811424,24493157583
GDP (current US$),NY.GDP.MKTP.CD,Serbia,SRB,27683225959,32482070360,43170990616,52194221469,45162894381,41819468692,49258136129,43309252921,48394239475,47062206678,39655958843,40692643373,44179055280,50640650221,51514222382,53335016425
GDP (current US$),NY.GDP.MKTP.CD,Seychelles,SYC,919103254.5,1016418229,1033561654,967199594,847397850.1,969940010.2,1065823923,1059496470,1328089686,1387577763,1415998663,1490226454,1573428277,1636310049,1684228529,1200634489
GDP (current US$),NY.GDP.MKTP.CD,Sierra Leone,SLE,1650494367,1885112202,2158496873,2505458705,2453899847,2578026297,2942546781,3801862611,4920343195,5015157816,4218723875,3674794530,3719369107,4085114794,4076578543,4063289450
GDP (current US$),NY.GDP.MKTP.CD,Singapore,SGP,1.27808E+11,1.4863E+11,1.80942E+11,1.93612E+11,1.94152E+11,2.39809E+11,2.79351E+11,2.95087E+11,3.07576E+11,3.14851E+11,3.08004E+11,3.18832E+11,3.43193E+11,3.76998E+11,3.75473E+11,3.45296E+11
GDP (current US$),NY.GDP.MKTP.CD,Sint Maarten (Dutch part),SXM,..,..,..,..,..,..,936089385.5,985865921.8,1022905028,1245251397,1253072626,1263687151,1191620112,1185474860,..,..
GDP (current US$),NY.GDP.MKTP.CD,Slovak Republic,SVK,62808723477,70767338922,86563986799,1.0088E+11,89399303222,90801178162,99492917849,94253181330,98569320343,1.01089E+11,88636928905,89674927723,95393515078,1.05613E+11,1.05284E+11,1.05173E+11
GDP (current US$),NY.GDP.MKTP.CD,Slovenia,SVN,36206395971,39481045038,48067401207,55779427740,50567734886,48208240226,51583869785,46577793184,48415657265,49997186439,43107506024,44766722791,48589100043,54163591695,54178877606,53589609581
GDP (current US$),NY.GDP.MKTP.CD,Solomon Islands,SLB,476836691.1,538614679,620211238.9,699203616.5,735997355.7,846767635.9,1049889692,1191045573,1284763287,1335584912,1307082934,1378543909,1483793468,1574622018,1570093229,1545888426
GDP (current US$),NY.GDP.MKTP.CD,Somalia,SOM,..,..,..,..,..,..,..,..,4574495667,5021956321,5331761394,5529873480,5609000000,5850677296,6476674592,6965285325
GDP (current US$),NY.GDP.MKTP.CD,South Africa,ZAF,2.88868E+11,3.03861E+11,3.33075E+11,3.16132E+11,3.29753E+11,4.17365E+11,4.58202E+11,4.34401E+11,4.00886E+11,3.81199E+11,3.4671E+11,3.23586E+11,3.81449E+11,4.04842E+11,3.87935E+11,3.35442E+11
GDP (current US$),NY.GDP.MKTP.CD,South Sudan,SSD,..,..,..,14586253383,12231264525,14602072411,14907308933,11931472169,18426469017,13962212847,11997800760,..,..,..,..,..
GDP (current US$),NY.GDP.MKTP.CD,Spain,ESP,1.15372E+12,1.2604E+12,1.474E+12,1.63186E+12,1.49147E+12,1.42211E+12,1.48071E+12,1.32474E+12,1.35514E+12,1.37122E+12,1.1956E+12,1.23291E+12,1.31254E+12,1.42099E+12,1.39305E+12,1.28148E+12
GDP (current US$),NY.GDP.MKTP.CD,Sri Lanka,LKA,24405791045,28279814925,32350248411,40713812310,42066217872,56725749222,65292753005,68434409315,74317806538,79356449841,80604080689,82401038710,87428128124,87963042341,83902574443,80969683537
GDP (current US$),NY.GDP.MKTP.CD,St. Kitts and Nevis,KNA,547203703.7,644414814.8,689285185.2,777691333.3,774273111.1,778718111.1,836092407.4,826231629.6,875376407.4,954062481.5,958407222.2,1008942296,1060638333,1078505889,1164877852,980905888.9
GDP (current US$),NY.GDP.MKTP.CD,St. Lucia,LCA,1135555556,1268319185,1336088815,1437731111,1401507889,1486758037,1576988407,1605146778,1664816741,1755130815,1808079889,1865513430,1996771441,2065127263,2118791548,1616772748
GDP (current US$),NY.GDP.MKTP.CD,St. Martin (French part),MAF,..,..,..,..,..,..,775875857.9,..,..,772921756.3,..,..,..,..,..,..
GDP (current US$),NY.GDP.MKTP.CD,St. Vincent and the Grenadines,VCT,579948909.3,643501156.9,713596662.2,732663263.5,714300243.8,720447880.2,713796368.7,730032600.1,764781242.7,770901436.4,786554580.8,814302267.1,847620214.8,884328180.5,910149698.9,872134546.8
GDP (current US$),NY.GDP.MKTP.CD,Sudan,SDN,35182105414,45264519503,59440139775,64831935604,58316191440,74151186600,78403418360,63195499524,66026600235,76818327442,84985132167,1.02944E+11,1.29718E+11,32333780383,32338079165,26987563444
GDP (current US$),NY.GDP.MKTP.CD,Suriname,SUR,1793388732,2626380435,2936612022,3532969035,3875409836,4368398048,4422276622,4980000000,5145757576,5240606061,5126291451,3317438911,3591623596,3996247906,3984483762,2884248048
GDP (current US$),NY.GDP.MKTP.CD,Sweden,SWE,3.92218E+11,4.23093E+11,4.91253E+11,5.17706E+11,4.36537E+11,4.95813E+11,5.74094E+11,5.52484E+11,5.86842E+11,5.81964E+11,5.05104E+11,5.15655E+11,5.41019E+11,5.55455E+11,5.3388E+11,5.41487E+11
GDP (current US$),NY.GDP.MKTP.CD,Switzerland,CHE,4.20545E+11,4.43802E+11,4.93537E+11,5.70304E+11,5.582E+11,6.03434E+11,7.22038E+11,6.9211E+11,7.12748E+11,7.34397E+11,7.0215E+11,6.95601E+11,7.04479E+11,7.35539E+11,7.31767E+11,7.52248E+11
GDP (current US$),NY.GDP.MKTP.CD,Syrian Arab Republic,SYR,1.34204E+11,1.538E+11,1.8003E+11,2.1809E+11,2.24562E+11,2.52518E+11,73616694709,44117799607,22552466245,22075987602,17622064892,12453459335,16340665432,21445775364,..,..
GDP (current US$),NY.GDP.MKTP.CD,Tajikistan,TJK,2312327536,2830220713,3719506173,5161337336,4979481980,5642178580,6522732203,7633049792,8448469838,9112544556,8271454301,6992393787,7536439875,7765014424,8300784857,8133996648
GDP (current US$),NY.GDP.MKTP.CD,Tanzania,TZA,18399046025,18649590248,21843529025,27941177435,29081425282,32014249841,34657139495,39650530214,45680532614,49964788814,47378599025,49774021003,53320625959,57003713611,61136873692,62409709111
GDP (current US$),NY.GDP.MKTP.CD,Thailand,THA,1.89319E+11,2.21758E+11,2.62942E+11,2.91383E+11,2.8171E+11,3.41105E+11,3.70819E+11,3.97558E+11,4.20333E+11,4.07339E+11,4.01296E+11,4.13366E+11,4.56357E+11,5.06755E+11,5.44081E+11,4.99682E+11
GDP (current US$),NY.GDP.MKTP.CD,Timor-Leste,TLS,462283600,453805100,542795400,648492700,726882400,881827800,1042411500,1160389500,1395519600,1447307100,1594410900,1650618500,1615609700,1583876200,2047931700,1902156800
GDP (current US$),NY.GDP.MKTP.CD,Togo,TGO,2281482855,2351584608,2662612348,3323677130,3379258565,3429461495,3872459250,3873308389,4321655656,4574986537,4180866177,6031632168,6395472574,7112200725,7220395248,7574636979
GDP (current US$),NY.GDP.MKTP.CD,Tonga,TON,261797606.1,292232117.1,298513956.2,344428609,312377379.3,366840012.4,414523388.5,470714083.4,450643615.2,439878828,437006227.2,420540178.6,460379145,489235527.4,512350059.4,488829964.1
GDP (current US$),NY.GDP.MKTP.CD,Trinidad and Tobago,TTO,15982282462,18369361094,21641620050,27871587350,19172165226,22157948396,25433011405,25781712703,27294453245,27642525749,25191551350,22373566810,23180107752,23820742957,23886216403,21392536138
GDP (current US$),NY.GDP.MKTP.CD,Tunisia,TUN,32273007554,34377310293,38914078352,44860969077,43454935940,46206091938,48122744708,47311159485,48684187850,50271072628,45780128467,44360614525,42164007605,42685972269,41772900763,42514151614
GDP (current US$),NY.GDP.MKTP.CD,Turkiye,TUR,5.06308E+11,5.57058E+11,6.81337E+11,7.70462E+11,6.49273E+11,7.76993E+11,8.38763E+11,8.80556E+11,9.57783E+11,9.38953E+11,8.64317E+11,8.69693E+11,8.58996E+11,7.78472E+11,7.61004E+11,7.19955E+11
GDP (current US$),NY.GDP.MKTP.CD,Turkmenistan,TKM,8103901996,10276674365,12664165103,19271523179,20214385965,22583157895,29233333333,35164210526,39197543860,43524210526,35799714286,36169428571,37926285714,40765428571,45231428571,..
GDP (current US$),NY.GDP.MKTP.CD,Turks and Caicos Islands,TCA,578645760,721891470,773489740,862683630,703175750,686787810,728789570,727161000,754238000,841070000,942070000,1032452000,1022365000,1113178000,1197415000,924583000
GDP (current US$),NY.GDP.MKTP.CD,Tuvalu,TUV,22909507.45,24096385.54,28449502.13,31873846.67,28076743.1,32104201.06,39195461.58,39345620.21,38617493.72,38759689.92,36811659.53,41629497.47,45217657.88,47818290.5,54223149.11,55054710.62
GDP (current US$),NY.GDP.MKTP.CD,Uganda,UGA,9239221859,9977647645,11902564401,14440404021,25127805566,26673441667,27871725206,27305915761,28915786997,32612397758,32387183845,29203988815,30744473912,32927025573,35353060634,37600368181
GDP (current US$),NY.GDP.MKTP.CD,Ukraine,UKR,89239370109,1.11885E+11,1.48734E+11,1.88111E+11,1.21553E+11,1.4121E+11,1.69333E+11,1.82592E+11,1.90499E+11,1.33503E+11,91030959455,93355993629,1.12091E+11,1.30891E+11,1.53883E+11,1.56618E+11
GDP (current US$),NY.GDP.MKTP.CD,United Arab Emirates,ARE,1.80617E+11,2.22117E+11,2.57916E+11,3.15475E+11,2.53547E+11,2.89787E+11,3.50666E+11,3.74591E+11,3.90108E+11,4.03137E+11,3.58135E+11,3.57045E+11,3.85606E+11,4.22215E+11,4.17216E+11,3.58869E+11
GDP (current US$),NY.GDP.MKTP.CD,United Kingdom,GBR,2.54483E+12,2.71706E+12,3.10618E+12,2.93888E+12,2.4258E+12,2.49111E+12,2.67489E+12,2.71916E+12,2.80329E+12,3.08717E+12,2.95657E+12,2.72285E+12,2.69902E+12,2.90079E+12,2.87867E+12,2.7569E+12
GDP (current US$),NY.GDP.MKTP.CD,United States,USA,1.30392E+13,1.38156E+13,1.44742E+13,1.47699E+13,1.44781E+13,1.5049E+13,1.55997E+13,1.6254E+13,1.68432E+13,1.75507E+13,1.8206E+13,1.86951E+13,1.94796E+13,2.05272E+13,2.13726E+13,2.08937E+13
GDP (current US$),NY.GDP.MKTP.CD,Uruguay,URY,17362857684,19579457966,23410572634,30366213119,31660911277,40284481652,47962439304,51264390116,57531233351,57236013086,53274304222,57236652490,64233966861,64515038268,61231149881,53560755047
GDP (current US$),NY.GDP.MKTP.CD,Uzbekistan,UZB,14307509839,17330833853,22311393928,29549438884,33689223673,49765676402,60178909297,67517349212,73180036692,80845384375,86196265192,86138288615,62081323299,52633143808,59907674027,59894305353
GDP (current US$),NY.GDP.MKTP.CD,Vanuatu,VUT,394962552.3,439376794.1,516392922.5,590748237,592622502.4,670713208.1,770153304.2,747839697.7,758304466.2,772315721.3,730870581.7,780889605.9,880062103,914736985.4,936526267.6,896827873.1
GDP (current US$),NY.GDP.MKTP.CD,"Venezuela, RB",VEN,1.4551E+11,1.83478E+11,2.30364E+11,3.15953E+11,3.29788E+11,3.93192E+11,3.16482E+11,3.81286E+11,3.71005E+11,4.82359E+11,..,..,..,..,..,..
GDP (current US$),NY.GDP.MKTP.CD,Vietnam,VNM,57633255618,66371664817,77414425532,99130304099,1.06015E+11,1.47199E+11,1.72596E+11,1.95592E+11,2.13711E+11,2.3345E+11,2.39257E+11,2.57096E+11,2.81353E+11,3.08702E+11,3.30391E+11,3.43243E+11
GDP (current US$),NY.GDP.MKTP.CD,Virgin Islands (U.S.),VIR,4428000000,4484000000,4784000000,4244000000,4201000000,4324000000,4223000000,4089000000,3738000000,3565000000,3663000000,3798000000,3794000000,3922000000,4117000000,4204000000
GDP (current US$),NY.GDP.MKTP.CD,West Bank and Gaza,PSE,5125700000,5348300000,5815700000,7310400000,8085700000,9681500000,11186100000,12208400000,13515500000,13989700000,13972400000,15405400000,16128000000,16276600000,17133500000,15531700000
GDP (current US$),NY.GDP.MKTP.CD,"Yemen, Rep.",YEM,16746344766,19061978586,21650532264,26910851362,25130274124,30906749533,32726417212,35401341663,40415235702,43228585321,42444495590,31317828584,26842231205,21606161066,21887614217,18840511908
GDP (current US$),NY.GDP.MKTP.CD,Zambia,ZMB,8331870169,12756858899,14056957976,17910858638,15328342304,20265559484,23459515276,25503060420,28037239463,27141023558,21251216799,20958412538,25873601261,26311590297,23308667781,18110631358
GDP (current US$),NY.GDP.MKTP.CD,Zimbabwe,ZWE,5755215200,5443896500,5291950100,4415702800,9665793300,12041655200,14101920300,17114849900,19091020000,19495519600,19963120600,20548678100,17584890937,18115543791,19284289739,18051170799
GDP (current US$),NY.GDP.MKTP.CD,Africa Eastern and Southern,AFE,5.12211E+11,5.75921E+11,6.61179E+11,7.08287E+11,7.19217E+11,8.60478E+11,9.64418E+11,9.73043E+11,9.83937E+11,1.00368E+12,9.24253E+11,8.82355E+11,1.02065E+12,9.91022E+11,9.97534E+11,9.21646E+11
GDP (current US$),NY.GDP.MKTP.CD,Africa Western and Central,AFW,3.10558E+11,3.93305E+11,4.61791E+11,5.66481E+11,5.07044E+11,5.91596E+11,6.70983E+11,7.2757E+11,8.20793E+11,8.6499E+11,7.60734E+11,6.90546E+11,6.83749E+11,7.4169E+11,7.94543E+11,7.84446E+11
GDP (current US$),NY.GDP.MKTP.CD,Arab World,ARB,1.2979E+12,1.5383E+12,1.79004E+12,2.25374E+12,1.97881E+12,2.32701E+12,2.54796E+12,2.77808E+12,2.83461E+12,2.87601E+12,2.5187E+12,2.49586E+12,2.5841E+12,2.78588E+12,2.8081E+12,2.49625E+12
GDP (current US$),NY.GDP.MKTP.CD,Caribbean small states,CSS,48957056297,55704431126,61916043830,70404981344,59480682376,64592893104,69730495218,72141071446,73521446002,74620404150,73535009882,69478366695,72533236071,75431169088,77023818121,65922853041
GDP (current US$),NY.GDP.MKTP.CD,Central Europe and the Baltics,CEB,8.8685E+11,1.00293E+12,1.26681E+12,1.53296E+12,1.2909E+12,1.31817E+12,1.44934E+12,1.35332E+12,1.42276E+12,1.46593E+12,1.29306E+12,1.32156E+12,1.46453E+12,1.64546E+12,1.67386E+12,1.65492E+12
GDP (current US$),NY.GDP.MKTP.CD,Early-demographic dividend,EAR,4.92715E+12,5.63433E+12,6.66711E+12,7.52005E+12,7.25791E+12,8.80087E+12,9.72007E+12,1.01535E+13,1.02956E+13,1.06483E+13,1.0129E+13,1.04544E+13,1.12913E+13,1.14011E+13,1.16438E+13,1.08417E+13
GDP (current US$),NY.GDP.MKTP.CD,East Asia & Pacific,EAS,1.0406E+13,1.1028E+13,1.23218E+13,1.42065E+13,1.46193E+13,1.70633E+13,1.97887E+13,2.11712E+13,2.14098E+13,2.20853E+13,2.19971E+13,2.27721E+13,2.43252E+13,2.6481E+13,2.70241E+13,2.71187E+13
GDP (current US$),NY.GDP.MKTP.CD,East Asia & Pacific (excluding high income),EAP,3.10691E+12,3.74075E+12,4.72782E+12,5.97889E+12,6.48459E+12,7.88943E+12,9.64551E+12,1.07592E+13,1.18711E+13,1.27988E+13,1.33276E+13,1.36124E+13,1.48773E+13,1.6639E+13,1.72039E+13,1.74838E+13
GDP (current US$),NY.GDP.MKTP.CD,East Asia & Pacific (IDA & IBRD countries),TEA,3.10253E+12,3.73558E+12,4.7214E+12,5.97086E+12,6.47582E+12,7.87901E+12,9.6329E+12,1.07451E+13,1.18557E+13,1.27822E+13,1.33102E+13,1.35948E+13,1.48581E+13,1.66176E+13,1.71818E+13,1.74613E+13
GDP (current US$),NY.GDP.MKTP.CD,Euro area,EMU,1.05235E+13,1.1184E+13,1.28791E+13,1.41583E+13,1.29385E+13,1.26413E+13,1.36374E+13,1.26382E+13,1.31954E+13,1.35089E+13,1.16744E+13,1.19725E+13,1.26777E+13,1.36994E+13,1.34161E+13,1.30273E+13
GDP (current US$),NY.GDP.MKTP.CD,Europe & Central Asia,ECS,1.67845E+13,1.81785E+13,2.12457E+13,2.33754E+13,2.05612E+13,2.10258E+13,2.33141E+13,2.24623E+13,2.34812E+13,2.38119E+13,2.05133E+13,2.04537E+13,2.16802E+13,2.32241E+13,2.29416E+13,2.21339E+13
GDP (current US$),NY.GDP.MKTP.CD,Europe & Central Asia (excluding high income),ECA,1.58962E+12,1.95008E+12,2.50946E+12,3.11038E+12,2.43779E+12,2.95306E+12,3.67001E+12,3.9147E+12,4.15022E+12,3.84583E+12,2.9214E+12,2.77773E+12,3.11819E+12,3.18253E+12,3.24971E+12,2.98073E+12
GDP (current US$),NY.GDP.MKTP.CD,Europe & Central Asia (IDA & IBRD countries),TEC,2.04004E+12,2.46759E+12,3.17362E+12,3.92905E+12,3.11472E+12,3.65963E+12,4.4448E+12,4.64105E+12,4.92093E+12,4.6466E+12,3.62711E+12,3.49079E+12,3.91261E+12,4.07365E+12,4.15911E+12,3.88483E+12
GDP (current US$),NY.GDP.MKTP.CD,European Union,EUU,1.19108E+13,1.27139E+13,1.47288E+13,1.62976E+13,1.47638E+13,1.45576E+13,1.57595E+13,1.46362E+13,1.52997E+13,1.56521E+13,1.35519E+13,1.38932E+13,1.47663E+13,1.59787E+13,1.56919E+13,1.53001E+13
GDP (current US$),NY.GDP.MKTP.CD,Fragile and conflict affected situations,FCS,7.85432E+11,9.73295E+11,1.18238E+12,1.5082E+12,1.44376E+12,1.70488E+12,1.58569E+12,1.77566E+12,1.84157E+12,2.00305E+12,1.62631E+12,1.50806E+12,1.58089E+12,1.60327E+12,1.68942E+12,1.56151E+12
GDP (current US$),NY.GDP.MKTP.CD,Heavily indebted poor countries (HIPC),HPC,2.76892E+11,3.26496E+11,3.91475E+11,4.65586E+11,4.70851E+11,5.20218E+11,5.83029E+11,6.04867E+11,6.73157E+11,7.15229E+11,6.93547E+11,7.28869E+11,8.08758E+11,7.70227E+11,7.97618E+11,8.03284E+11
GDP (current US$),NY.GDP.MKTP.CD,High income,HIC,3.78255E+13,3.99623E+13,4.37609E+13,4.66232E+13,4.36697E+13,4.57522E+13,4.9401E+13,4.94261E+13,5.00479E+13,5.1126E+13,4.82584E+13,4.92986E+13,5.15585E+13,5.48156E+13,5.52892E+13,5.36998E+13
GDP (current US$),NY.GDP.MKTP.CD,IBRD only,IBD,9.63405E+12,1.14257E+13,1.41914E+13,1.70328E+13,1.65215E+13,2.00975E+13,2.37887E+13,2.52817E+13,2.66873E+13,2.75859E+13,2.58384E+13,2.60494E+13,2.87557E+13,3.05803E+13,3.12442E+13,3.00324E+13
GDP (current US$),NY.GDP.MKTP.CD,IDA & IBRD total,IBT,1.05189E+13,1.24812E+13,1.54275E+13,1.85091E+13,1.79907E+13,2.17792E+13,2.54941E+13,2.70743E+13,2.86334E+13,2.96692E+13,2.78906E+13,2.81482E+13,3.09492E+13,3.28167E+13,3.35817E+13,3.23649E+13
GDP (current US$),NY.GDP.MKTP.CD,IDA blend,IDB,3.73206E+11,4.66945E+11,5.38494E+11,6.39866E+11,6.06825E+11,7.09901E+11,8.14256E+11,9.00553E+11,9.78009E+11,1.0493E+12,1.01147E+12,9.77136E+11,9.59821E+11,1.00783E+12,1.04015E+12,9.99384E+11
GDP (current US$),NY.GDP.MKTP.CD,IDA only,IDX,5.13237E+11,5.89852E+11,6.98506E+11,8.37527E+11,8.63599E+11,9.72926E+11,8.91297E+11,8.91921E+11,9.6811E+11,1.034E+12,1.03958E+12,1.12026E+12,1.23322E+12,1.22894E+12,1.29734E+12,1.33364E+12
GDP (current US$),NY.GDP.MKTP.CD,IDA total,IDA,8.85843E+11,1.05672E+12,1.23667E+12,1.47691E+12,1.4698E+12,1.68218E+12,1.70535E+12,1.79247E+12,1.94612E+12,2.0833E+12,2.05105E+12,2.0974E+12,2.19304E+12,2.23677E+12,2.33749E+12,2.33233E+12
GDP (current US$),NY.GDP.MKTP.CD,Late-demographic dividend,LTE,6.16235E+12,7.43718E+12,9.37021E+12,1.16491E+13,1.12562E+13,1.35403E+13,1.64986E+13,1.76496E+13,1.90203E+13,1.97483E+13,1.85177E+13,1.85708E+13,2.06096E+13,2.2593E+13,2.30264E+13,2.24709E+13
GDP (current US$),NY.GDP.MKTP.CD,Latin America & Caribbean,LCN,2.86267E+12,3.35101E+12,3.94825E+12,4.5899E+12,4.31288E+12,5.34712E+12,6.08599E+12,6.15058E+12,6.30226E+12,6.42593E+12,5.36984E+12,5.24793E+12,5.83076E+12,5.70184E+12,5.62361E+12,4.74315E+12
GDP (current US$),NY.GDP.MKTP.CD,Latin America & Caribbean (excluding high income),LAC,2.43228E+12,2.83904E+12,3.35566E+12,3.88285E+12,3.60501E+12,4.51324E+12,5.27552E+12,5.24798E+12,5.3861E+12,5.41069E+12,4.59901E+12,4.46955E+12,4.98519E+12,4.84091E+12,4.77884E+12,3.99794E+12
GDP (current US$),NY.GDP.MKTP.CD,Latin America & the Caribbean (IDA & IBRD countries),TLA,2.70875E+12,3.18541E+12,3.77268E+12,4.4077E+12,4.12868E+12,5.15778E+12,5.8843E+12,5.94281E+12,6.08968E+12,6.2088E+12,5.14157E+12,5.0135E+12,5.59126E+12,5.46018E+12,5.37262E+12,4.49522E+12
GDP (current US$),NY.GDP.MKTP.CD,Least developed countries: UN classification,LDC,3.53144E+11,4.09541E+11,4.9163E+11,5.99765E+11,6.04037E+11,6.86139E+11,7.96491E+11,8.37472E+11,9.12825E+11,9.81404E+11,9.49727E+11,9.88285E+11,1.10387E+12,1.08762E+12,1.1423E+12,1.162E+12
GDP (current US$),NY.GDP.MKTP.CD,Low & middle income,LMY,9.80264E+12,1.16291E+13,1.43603E+13,1.71828E+13,1.68081E+13,2.04496E+13,2.41357E+13,2.56804E+13,2.71883E+13,2.81005E+13,2.66613E+13,2.6903E+13,2.95646E+13,3.12993E+13,3.20613E+13,3.09139E+13
GDP (current US$),NY.GDP.MKTP.CD,Low income,LIC,3.15878E+11,3.69571E+11,4.43731E+11,5.32647E+11,5.42944E+11,6.13155E+11,4.61377E+11,4.37977E+11,4.49879E+11,4.8029E+11,4.74998E+11,4.70793E+11,5.27247E+11,4.53568E+11,4.79643E+11,4.81025E+11
GDP (current US$),NY.GDP.MKTP.CD,Lower middle income,LMC,2.56442E+12,3.03504E+12,3.72622E+12,4.21979E+12,4.29594E+12,5.2469E+12,6.03101E+12,6.32915E+12,6.43275E+12,6.68283E+12,6.52599E+12,6.88532E+12,7.39639E+12,7.54106E+12,7.89476E+12,7.58555E+12
GDP (current US$),NY.GDP.MKTP.CD,Middle East & North Africa,MEA,1.63256E+12,1.91315E+12,2.25954E+12,2.81729E+12,2.54472E+12,2.97306E+12,3.35572E+12,3.61457E+12,3.55316E+12,3.56938E+12,3.14063E+12,3.16863E+12,3.2963E+12,3.45909E+12,3.46522E+12,3.1069E+12
GDP (current US$),NY.GDP.MKTP.CD,Middle East & North Africa (excluding high income),MNA,8.02027E+11,9.35062E+11,1.14041E+12,1.40693E+12,1.37034E+12,1.58013E+12,1.63377E+12,1.75706E+12,1.61632E+12,1.59238E+12,1.43099E+12,1.46744E+12,1.45519E+12,1.38052E+12,1.39198E+12,1.26384E+12
GDP (current US$),NY.GDP.MKTP.CD,Middle East & North Africa (IDA & IBRD countries),TMN,7.96901E+11,9.29714E+11,1.13459E+12,1.39962E+12,1.36225E+12,1.57045E+12,1.62258E+12,1.74485E+12,1.60281E+12,1.57839E+12,1.41702E+12,1.45203E+12,1.43907E+12,1.36425E+12,1.37485E+12,1.24831E+12
GDP (current US$),NY.GDP.MKTP.CD,Middle income,MIC,9.49506E+12,1.1269E+13,1.39273E+13,1.66631E+13,1.62789E+13,1.98509E+13,2.36784E+13,2.52441E+13,2.67396E+13,2.76219E+13,2.61888E+13,2.64343E+13,2.90401E+13,3.08446E+13,3.15811E+13,3.04338E+13
GDP (current US$),NY.GDP.MKTP.CD,North America,NAC,1.42172E+13,1.5141E+13,1.59498E+13,1.63298E+13,1.58593E+13,1.66729E+13,1.73994E+13,1.80887E+13,1.86963E+13,1.93628E+13,1.97692E+13,2.023E+13,2.1136E+13,2.22597E+13,2.3122E+13,2.2546E+13
GDP (current US$),NY.GDP.MKTP.CD,Not classified,INX,..,..,..,..,..,..,..,..,..,..,..,..,..,..,..,..
GDP (current US$),NY.GDP.MKTP.CD,OECD members,OED,3.76059E+13,3.96773E+13,4.3445E+13,4.61256E+13,4.31506E+13,4.52568E+13,4.86847E+13,4.86364E+13,4.92916E+13,5.03041E+13,4.74349E+13,4.83549E+13,5.04685E+13,5.33896E+13,5.38987E+13,5.23331E+13
GDP (current US$),NY.GDP.MKTP.CD,Other small states,OSS,1.83627E+11,2.15786E+11,2.64056E+11,3.23027E+11,2.77199E+11,3.22471E+11,3.96966E+11,4.14202E+11,4.32289E+11,4.46285E+11,3.69988E+11,3.65902E+11,3.98431E+11,4.41995E+11,4.32763E+11,3.76519E+11
GDP (current US$),NY.GDP.MKTP.CD,Pacific island small states,PSS,5341917002,5608853529,6197023921,6633206424,5960880973,6566253871,7712816560,8188147239,8498746217,9225908807,9020208144,9461610628,10217604992,10657544778,10644265612,9573379122
GDP (current US$),NY.GDP.MKTP.CD,Post-demographic dividend,PST,3.57444E+13,3.76139E+13,4.10593E+13,4.34863E+13,4.09408E+13,4.2694E+13,4.58612E+13,4.57931E+13,4.62528E+13,4.71737E+13,4.46119E+13,4.56208E+13,4.75591E+13,5.04096E+13,5.09019E+13,4.95293E+13
GDP (current US$),NY.GDP.MKTP.CD,Pre-demographic dividend,PRE,5.149E+11,6.47708E+11,7.84316E+11,9.82344E+11,8.98448E+11,1.05087E+12,1.22071E+12,1.32891E+12,1.45553E+12,1.53015E+12,1.32254E+12,1.21449E+12,1.29392E+12,1.32271E+12,1.39357E+12,1.30975E+12
GDP (current US$),NY.GDP.MKTP.CD,Small states,SST,2.37916E+11,2.77092E+11,3.32164E+11,4.00065E+11,3.42639E+11,3.9363E+11,4.74409E+11,4.94531E+11,5.1431E+11,5.30131E+11,4.52543E+11,4.44842E+11,4.81182E+11,5.28084E+11,5.20431E+11,4.52016E+11
GDP (current US$),NY.GDP.MKTP.CD,South Asia,SAS,1.05059E+12,1.19609E+12,1.50419E+12,1.52747E+12,1.68343E+12,2.06078E+12,2.2745E+12,2.30009E+12,2.35961E+12,2.58456E+12,2.69943E+12,3.00524E+12,3.42679E+12,3.52731E+12,3.64873E+12,3.48247E+12
GDP (current US$),NY.GDP.MKTP.CD,South Asia (IDA & IBRD),TSA,1.05059E+12,1.19609E+12,1.50419E+12,1.52747E+12,1.68343E+12,2.06078E+12,2.2745E+12,2.30009E+12,2.35961E+12,2.58456E+12,2.69943E+12,3.00524E+12,3.42679E+12,3.52731E+12,3.64873E+12,3.48247E+12
GDP (current US$),NY.GDP.MKTP.CD,Sub-Saharan Africa,SSF,8.21319E+11,9.68222E+11,1.12196E+12,1.27471E+12,1.22602E+12,1.45175E+12,1.63506E+12,1.7004E+12,1.80473E+12,1.86867E+12,1.68499E+12,1.5729E+12,1.7044E+12,1.73271E+12,1.79208E+12,1.70609E+12
GDP (current US$),NY.GDP.MKTP.CD,Sub-Saharan Africa (excluding high income),SSA,8.20396E+11,9.67202E+11,1.12093E+12,1.27374E+12,1.22518E+12,1.45078E+12,1.634E+12,1.69934E+12,1.8034E+12,1.86728E+12,1.68357E+12,1.57141E+12,1.70282E+12,1.73108E+12,1.79039E+12,1.70489E+12
GDP (current US$),NY.GDP.MKTP.CD,Sub-Saharan Africa (IDA & IBRD countries),TSS,8.21319E+11,9.68222E+11,1.12196E+12,1.27471E+12,1.22602E+12,1.45175E+12,1.63506E+12,1.7004E+12,1.80473E+12,1.86867E+12,1.68499E+12,1.5729E+12,1.7044E+12,1.73271E+12,1.79208E+12,1.70609E+12
GDP (current US$),NY.GDP.MKTP.CD,Upper middle income,UMC,6.93058E+12,8.23388E+12,1.0201E+13,1.24433E+13,1.19829E+13,1.4604E+13,1.76474E+13,1.89149E+13,2.03068E+13,2.09391E+13,1.96628E+13,1.9549E+13,2.16437E+13,2.33035E+13,2.36863E+13,2.28483E+13
GDP (current US$),NY.GDP.MKTP.CD,World,WLD,4.77797E+13,5.17798E+13,5.8355E+13,6.41237E+13,6.08091E+13,6.65961E+13,7.38538E+13,7.54881E+13,7.76072E+13,7.97088E+13,7.51793E+13,7.64656E+13,8.1404E+13,8.6413E+13,8.76529E+13,8.49068E+13
,,,,,,,,,,,,,,,,,,,
,,,,,,,,,,,,,,,,,,,
,,,,,,,,,,,,,,,,,,,
Data from database: World Development Indicators,,,,,,,,,,,,,,,,,,,
Last Updated: 07/20/2022,,,,,,,,,,,,,,,,,,,
